,Q0,Q1,Q2,Q3,Q4,Q5,Q6,Q7,Q8,Q9,Q10,Q11,Q12,Q13,Q14,Q15,Q16,Q17,Q18,Q19,Q20,Q21,Q22,Q23,Q24,Q25,Q26,Q27,Q28,Q29,Q30,Q31,Q32,Q33,Q34,Q35,Q36,Q37,Q38,Q39,Q40,Q41,Q42,Q43,Q44,userId,personalSeed,gender,age,language,occupation,experience,frequency,elapsedTotal,elapsedSurvey
3,2,3,3,4,3,3,4,3,4,3,4,4,4,3,3,3,4,4,4,4,4,4,3,3,4,3,4,4,4,3,3,3,4,4,4,3,5,1,5,2,4,4,3,4,4,A2OOS7IXSKJFFI,373528,male,25 - 34,fluent ,office worker,over 6 months of usage,about 1 - 2 hours,4.05,2.75
6,4,5,1,4,2,4,4,1,4,2,2,4,4,4,2,4,4,2,2,2,2,2,2,2,4,1,4,4,5,1,4,1,3,4,5,2,1,5,2,2,3,2,5,1,1,AJXIC6Q5EM76P,373528,male,55 - 65,native,independent,over 6 months of usage,less than 1 hour,39.88333333333333,36.03333333333333
8,5,5,1,4,4,5,4,2,4,2,2,4,2,2,4,2,2,4,2,2,4,4,5,4,5,1,2,2,4,5,5,1,4,4,5,2,2,4,2,2,2,2,4,4,2,A3G3G7SCD88G1J,373528,female,35 - 44,native,office worker,over 6 months of usage,longer than 2 hours,3.95,3.333333333333333
12,4,4,1,4,4,5,4,1,4,1,4,3,4,4,4,4,4,5,4,4,5,4,4,5,5,2,4,4,5,3,4,1,4,5,4,4,4,1,4,2,5,4,1,4,5,A37YVH6B18WJCJ,373528,female,18 - 24,native,office worker,over 6 months of usage,about 1 - 2 hours,3.1166666666666667,2.45
19,4,3,2,3,4,3,4,1,3,4,3,5,4,3,4,2,4,3,2,3,1,3,2,4,3,4,5,4,3,2,4,1,3,4,5,3,4,2,4,5,4,3,2,4,3,AGQ38QZYDWFO8,373528,female,25 - 34,native,office worker,over 6 months of usage,longer than 2 hours,3.283333333333333,1.9666666666666663
24,4,3,2,4,3,5,4,2,3,4,3,4,5,4,3,4,3,4,5,3,2,3,2,4,3,4,3,5,3,4,3,2,1,3,4,3,2,3,5,2,4,3,2,4,4,A1VAZ4O0J5QD7S,373528,female,25 - 34,native,office worker,over 6 months of usage,longer than 2 hours,5.233333333333333,1.6333333333333333
25,4,4,2,4,3,4,5,2,2,4,3,2,2,3,4,4,3,2,2,3,3,3,4,4,2,3,2,2,3,4,4,2,4,3,2,4,4,2,4,3,4,4,2,3,3,APVZGZM1RA3AZ,373528,female,55 - 65,fluent ,retired,over 6 months of usage,less than 1 hour,8.316666666666666,7.266666666666667
26,5,5,1,5,3,5,5,1,5,2,3,2,4,5,5,1,3,2,5,5,5,5,5,5,4,1,5,5,5,4,5,1,4,4,5,5,5,1,5,5,5,5,1,3,5,ATT8TOPRCRRHG,373528,female,25 - 34,native,office worker,over 6 months of usage,longer than 2 hours,4.45,3.2666666666666666
27,3,4,2,3,3,3,4,2,3,3,2,3,3,3,2,3,3,3,4,2,3,4,3,4,3,4,2,3,5,2,5,1,3,4,4,4,5,1,5,3,4,4,3,5,3,ANEVIDK1EVP9V,373528,female,35 - 44,fluent ,student,over 6 months of usage,about 1 - 2 hours,4.266666666666667,2.966666666666667
29,5,5,1,5,5,5,5,1,5,1,5,5,5,5,5,2,5,5,5,5,5,5,5,5,5,1,5,5,5,2,5,1,5,5,5,5,5,1,5,5,5,5,1,3,5,A196XR61DIW5GU,373528,male,25 - 34,native,office worker,over 6 months of usage,longer than 2 hours,4.95,4.4
32,4,3,3,4,2,4,3,4,2,3,4,3,4,3,4,4,2,3,4,3,4,3,2,3,4,3,4,4,3,4,3,3,4,4,4,4,4,2,4,4,4,4,2,3,4,A10FSZLB75VZ14,373528,female,35 - 44,native,office worker,over 6 months of usage,about 1 - 2 hours,11.633333333333333,6.183333333333334
34,4,5,1,4,3,5,5,1,4,2,4,5,3,4,3,2,2,2,4,4,4,4,1,4,5,1,4,4,5,1,4,1,4,3,4,2,3,2,4,3,4,4,1,3,3,ASVRLMDNQBUD9,373528,male,35 - 44,native,office worker,over 6 months of usage,less than 1 hour,5.0,3.6666666666666665
35,5,4,2,4,3,5,4,2,4,2,3,4,3,4,4,2,3,3,3,3,2,4,3,3,5,1,4,5,5,4,5,1,4,3,4,3,5,1,5,5,5,5,1,4,5,A2ZRL1ZWWXJ0L7,373528,male,25 - 34,native,office worker,over 6 months of usage,about 1 - 2 hours,3.2333333333333334,2.3
42,4,3,5,5,3,4,3,3,5,3,4,5,3,4,3,5,5,3,2,3,4,5,4,3,2,4,3,5,5,3,2,3,4,3,5,5,3,3,5,5,4,3,4,5,4,AG6UL22QLCKOG,373528,male,25 - 34,native,office worker,over 6 months of usage,longer than 2 hours,7.0,5.483333333333333
43,4,3,2,3,4,4,3,2,3,4,4,5,4,3,2,3,4,4,5,4,3,4,2,4,3,2,3,4,4,4,3,2,2,4,3,4,5,3,4,2,4,3,2,3,4,AGANKP4PUZ4NC,373528,male,35 - 44,fluent ,office worker,over 6 months of usage,less than 1 hour,6.15,2.1333333333333333
44,3,4,3,4,3,2,3,4,3,4,3,4,3,4,3,4,3,4,3,4,3,3,3,3,2,3,3,3,3,2,4,3,3,3,2,4,4,2,3,3,4,3,1,4,4,A1I9RLJQ0BYN21,373528,female,25 - 34,native,office worker,over 6 months of usage,less than 1 hour,3.05,2.183333333333333
45,4,5,3,5,4,5,3,4,5,3,4,5,3,4,5,3,4,5,2,3,4,3,5,4,5,3,4,5,4,2,4,3,4,5,4,5,5,1,4,2,3,5,3,4,5,A30MACY2H1OFFY,373528,male,25 - 34,native,office worker,over 6 months of usage,longer than 2 hours,9.333333333333334,8.0
46,4,3,4,3,4,4,3,4,3,4,3,4,3,4,3,4,3,4,3,4,3,4,3,4,3,4,3,4,3,4,3,4,3,4,3,4,5,1,3,4,3,4,2,3,4,A3D9PJ37U7LCHE,373528,female,45 - 54,native,office worker,over 6 months of usage,about 1 - 2 hours,3.8333333333333335,1.8666666666666667
47,4,3,2,4,3,4,2,5,3,2,4,3,4,2,4,3,4,2,4,2,3,3,4,4,2,3,3,4,3,4,4,3,4,3,4,4,3,3,4,2,4,4,3,4,3,A1B8QUOSZEH4S1,373528,male,35 - 44,native,office worker,over 6 months of usage,less than 1 hour,11.25,3.45
48,3,4,3,4,3,3,4,3,4,3,4,3,4,3,3,3,3,3,4,3,4,3,3,4,3,3,3,4,3,4,3,3,3,3,4,3,4,3,3,4,3,3,4,3,3,A2A76N7UJOV4EO,373528,male,25 - 34,native,office worker,over 6 months of usage,about 1 - 2 hours,5.816666666666666,5.3
56,4,4,3,5,4,5,3,4,4,3,4,4,4,3,4,4,3,4,3,3,4,4,4,4,3,4,2,3,5,4,5,1,3,5,5,3,5,1,4,3,4,3,4,3,5,A11EXIB1MVBZFJ,373528,male,45 - 54,fluent ,office worker,over 6 months of usage,about 1 - 2 hours,4.416666666666667,3.566666666666667
57,3,2,4,4,2,5,4,3,5,2,3,2,2,4,5,2,4,4,5,2,4,4,3,4,5,2,3,3,4,4,5,2,4,3,5,4,3,3,3,3,4,4,2,3,3,A3DFZQAOZ0NK2Q,373528,male,25 - 34,fluent ,office worker,over 6 months of usage,longer than 2 hours,9.033333333333331,5.983333333333333
61,4,5,1,4,4,5,5,1,5,3,4,3,4,3,3,2,3,3,5,5,5,5,5,4,4,1,4,4,4,1,4,2,3,3,3,2,4,2,4,3,4,4,2,2,3,A198MSVO1VTAT5,373528,female,55 - 65,native,office worker,over 6 months of usage,less than 30 mins,3.933333333333333,2.6166666666666667
62,3,3,3,5,3,3,3,2,3,3,3,3,3,3,3,5,3,3,3,3,3,3,3,3,3,1,3,3,4,3,4,3,3,3,3,4,4,2,3,3,3,4,3,3,4,A15HJ84HBSQWCP,373528,female,35 - 44,native,other,over 6 months of usage,about 1 - 2 hours,3.583333333333333,2.816666666666667
68,4,5,1,5,4,5,4,1,4,2,4,1,4,3,2,3,5,4,1,2,5,5,4,3,4,1,4,4,5,1,4,1,4,4,5,3,5,1,5,1,5,4,1,5,5,A27T2Z568L69U1,373528,female,25 - 34,native,office worker,over 6 months of usage,longer than 2 hours,9.083333333333334,8.25
69,4,5,2,5,3,5,4,2,4,3,4,4,4,5,4,4,4,5,5,5,5,5,5,5,5,3,4,4,4,3,5,2,3,4,4,5,4,2,4,4,4,4,2,3,5,A2667CDPX0RM5Z,373528,male,25 - 34,native,office worker,over 6 months of usage,longer than 2 hours,5.133333333333334,3.2666666666666666
70,4,5,1,5,4,5,5,1,5,1,5,1,5,4,5,1,5,4,1,1,2,1,2,2,5,1,5,5,5,1,5,1,5,5,5,5,4,1,5,5,5,5,1,5,5,A2NQWW9Y3ZVGU0,373528,female,25 - 34,native,office worker,over 6 months of usage,longer than 2 hours,3.35,2.2333333333333334
79,4,4,2,3,3,5,4,2,3,4,2,2,3,4,3,2,2,4,3,4,4,4,4,5,4,1,4,4,5,3,4,2,4,4,4,3,3,2,3,3,4,4,3,2,4,A2VLTSW6CXIUMR,373528,male,45 - 54,native,other,over 6 months of usage,about 1 - 2 hours,10.083333333333334,9.416666666666666
82,5,4,3,5,4,4,4,2,4,3,1,3,3,4,4,2,2,5,4,3,4,3,4,4,4,2,4,2,3,5,5,1,5,4,4,1,2,4,3,2,5,5,1,2,3,A2GE831IS8US6K,373528,female,25 - 34,native,office worker,over 6 months of usage,longer than 2 hours,5.9,4.533333333333333
84,4,5,1,4,4,5,5,2,4,2,5,2,4,4,5,1,5,4,5,5,5,5,4,4,5,2,5,4,5,4,5,1,4,5,5,4,5,1,5,5,5,5,1,4,5,A2IFHU3P1MF54K,373528,female,25 - 34,native,office worker,over 6 months of usage,longer than 2 hours,4.516666666666667,3.45
88,4,4,2,4,3,4,3,4,4,3,3,4,4,3,4,3,4,3,4,3,3,3,4,4,4,2,4,5,5,3,4,2,3,4,4,5,5,2,4,3,5,4,2,4,4,A2JY86U7GYYWG9,373528,female,35 - 44,fluent ,office worker,over 6 months of usage,longer than 2 hours,3.733333333333333,2.2666666666666666
92,4,4,2,4,3,4,4,2,4,3,4,3,4,3,4,2,4,4,3,4,3,2,4,3,3,2,4,3,4,3,4,2,4,3,4,4,4,2,4,3,4,4,2,3,4,A17B4ZMOXC7AUG,373528,female,35 - 44,fluent ,office worker,over 6 months of usage,longer than 2 hours,7.933333333333334,2.4166666666666665
99,3,3,3,3,3,4,3,2,2,3,3,3,3,4,3,3,4,3,3,4,3,3,4,3,3,2,3,4,3,4,3,2,3,4,3,3,4,2,4,3,3,3,3,4,4,A3O4FR5AEJ74BF,373528,female,35 - 44,native,office worker,over 6 months of usage,less than 1 hour,3.15,1.9333333333333331
100,4,5,2,4,4,5,5,1,3,4,4,5,3,5,3,2,4,5,3,3,5,3,2,4,2,5,4,3,4,5,3,4,3,4,3,5,4,3,4,1,3,3,4,4,3,AG6UL22QLCKOG,373528,male,25 - 34,native,office worker,over 6 months of usage,longer than 2 hours,3.8666666666666663,3.1166666666666667
101,4,5,3,4,4,4,4,2,3,2,4,4,3,3,2,3,3,3,3,3,3,4,4,4,4,3,4,4,3,5,5,2,4,4,3,3,4,2,4,4,4,4,2,5,5,A20JRQKVMEPHN3,373528,male,45 - 54,native,office worker,over 6 months of usage,about 1 - 2 hours,16.633333333333333,13.766666666666667
108,4,4,2,4,4,5,4,2,4,2,4,4,4,4,3,2,4,4,4,4,4,4,4,4,4,2,4,4,4,4,5,1,4,4,4,4,4,2,4,4,5,4,1,4,5,A2OO4PG3LBLP5I,373528,male,25 - 34,native,office worker,over 6 months of usage,longer than 2 hours,4.166666666666667,2.6
110,4,4,2,4,4,5,4,2,3,3,4,4,4,4,3,3,3,4,4,4,5,5,4,4,5,2,4,4,5,3,4,1,4,4,5,2,4,2,4,3,4,4,1,3,3,A3T9WZOUQGE2UW,373528,female,35 - 44,native,office worker,over 6 months of usage,less than 30 mins,4.283333333333333,2.55
113,4,4,2,4,3,4,4,2,4,2,2,4,2,4,3,4,4,4,4,4,4,4,2,3,4,2,3,4,4,5,4,2,4,3,4,3,2,4,2,2,3,3,3,2,3,A1FMVUYV72MUO3,373528,male,35 - 44,native,office worker,over 6 months of usage,longer than 2 hours,6.1,4.833333333333333
117,4,4,1,4,4,5,4,2,4,3,3,4,4,3,2,5,2,4,4,4,4,4,4,4,4,2,4,4,4,4,4,2,4,4,4,4,4,2,4,4,4,4,1,4,4,AYXDE087J2KO,373528,female,45 - 54,native,office worker,over 6 months of usage,longer than 2 hours,6.8,4.3
118,5,5,1,4,4,5,5,1,5,3,5,4,4,5,4,4,4,5,4,3,2,3,4,4,4,3,4,5,5,5,5,1,5,5,4,4,5,1,5,4,5,5,1,5,5,AJUM7ESRIOHVT,373528,male,55 - 65,fluent ,office worker,over 6 months of usage,longer than 2 hours,7.916666666666667,7.466666666666667
121,5,4,1,5,2,5,4,2,3,4,3,2,3,4,2,3,4,3,4,3,2,3,4,3,4,3,4,3,2,3,4,3,4,5,3,2,4,3,4,3,2,4,3,4,3,A3SMMI1Z1558QE,373528,male,25 - 34,native,office worker,over 6 months of usage,about 1 - 2 hours,3.466666666666667,2.816666666666667
122,5,4,1,4,3,5,4,1,4,2,4,3,3,5,4,2,4,5,1,4,5,5,2,4,5,1,4,4,5,1,5,1,4,4,5,3,5,1,4,2,5,4,1,5,5,AD3VY2BAFL01N,373528,male,45 - 54,native,office worker,over 6 months of usage,longer than 2 hours,6.7,6.266666666666667
123,5,5,1,5,3,5,5,2,4,2,5,4,5,4,4,2,4,4,4,5,4,4,4,4,4,2,4,5,5,4,4,2,5,4,4,4,5,1,5,4,4,4,1,4,4,A3DKSG1VT6L74U,373528,male,45 - 54,native,office worker,over 6 months of usage,longer than 2 hours,5.716666666666667,3.0166666666666666
124,4,5,1,4,5,5,4,2,4,2,3,4,5,4,4,3,2,4,4,4,4,5,4,4,5,1,5,5,5,5,5,1,4,5,5,4,4,1,4,4,5,5,1,4,5,A3G66CPX8XDTVJ,373528,male,18 - 24,native,office worker,over 6 months of usage,longer than 2 hours,3.5,2.083333333333333
125,4,3,4,3,2,3,4,3,2,3,4,3,2,3,4,3,2,3,4,3,4,2,3,4,3,2,3,4,3,2,3,4,3,2,3,4,3,2,3,4,3,2,3,4,3,A1DXDFRHO1A157,373528,male,25 - 34,native,office worker,over 6 months of usage,about 1 - 2 hours,3.2333333333333334,1.6333333333333333
127,3,3,3,3,3,4,3,4,3,4,3,4,3,4,3,4,4,3,3,3,3,3,3,3,3,1,3,3,4,3,4,2,3,3,4,3,4,2,3,3,3,3,2,3,4,A3L826SCLNKAAD,373528,female,35 - 44,native,other,over 6 months of usage,less than 1 hour,3.716666666666667,2.216666666666667
129,4,3,4,3,4,3,4,3,3,4,3,4,3,4,3,4,3,3,4,3,4,3,4,3,4,3,3,4,3,3,3,3,4,3,4,3,4,3,4,3,3,3,3,3,3,A3MVJWU76CPD7Q,373528,male,25 - 34,native,office worker,over 6 months of usage,about 1 - 2 hours,13.566666666666666,1.85
130,5,5,1,5,3,5,5,1,5,1,5,5,5,5,2,1,5,5,5,5,5,5,5,5,5,1,5,5,5,5,5,1,5,5,5,5,5,1,5,5,5,5,1,5,5,A3GKKYXTM7P72D,373528,female,25 - 34,native,office worker,over 6 months of usage,longer than 2 hours,3.3833333333333333,2.7
131,4,4,1,4,3,4,4,2,3,2,1,4,5,3,2,4,4,4,5,5,5,5,5,5,5,1,5,5,5,4,5,1,5,5,5,5,5,1,5,5,5,5,1,4,5,AD14EQ9O9JKRI,373528,male,25 - 34,native,office worker,over 6 months of usage,longer than 2 hours,3.4,2.9166666666666665
132,5,4,2,5,4,5,4,3,4,2,3,4,5,5,5,5,3,5,5,5,5,5,5,4,5,1,5,4,5,5,5,1,4,5,5,4,5,1,5,5,5,5,1,3,5,A2HAP8SUY3WYKR,373528,female,25 - 34,native,office worker,over 6 months of usage,longer than 2 hours,11.283333333333331,8.916666666666666
139,4,4,1,4,5,5,5,1,5,3,3,4,5,5,5,2,5,5,5,5,5,5,5,4,5,1,5,5,5,5,5,1,5,5,5,5,5,1,5,5,5,5,1,3,3,A2GRA6N98ZPIQ1,373528,male,35 - 44,native,office worker,over 6 months of usage,longer than 2 hours,16.116666666666667,14.5
140,4,5,1,4,3,5,4,2,4,3,4,4,2,3,4,2,4,5,4,4,4,3,3,3,4,1,4,3,4,4,5,1,3,4,5,2,4,2,4,4,5,4,1,3,4,AN7Z42U38BCQT,373528,female,35 - 44,native,office worker,over 6 months of usage,longer than 2 hours,4.466666666666667,2.216666666666667
142,5,5,1,5,4,5,5,1,5,1,5,5,5,5,4,1,5,5,5,5,5,5,5,5,4,1,5,5,5,5,5,1,5,5,5,5,5,1,5,5,5,5,1,5,5,A39AUDA8LLT4XP,373528,female,25 - 34,native,office worker,over 6 months of usage,longer than 2 hours,12.45,11.45
146,4,5,1,4,1,3,2,5,2,3,2,2,4,3,2,4,3,5,3,3,4,4,5,3,4,1,4,4,5,4,4,2,3,3,3,1,3,3,3,3,3,3,3,1,4,A3L5PJVWSIAAPB,373528,male,25 - 34,native,other,over 6 months of usage,longer than 2 hours,14.733333333333333,14.1
161,4,4,2,4,2,4,4,2,4,3,3,2,4,3,4,4,2,3,4,4,4,3,4,4,4,1,4,4,4,2,4,2,4,2,4,3,4,2,4,3,4,4,2,3,3,A28ZPY6D5AS7GZ,373528,male,25 - 34,native,office worker,over 6 months of usage,longer than 2 hours,3.1166666666666667,1.4833333333333334
165,4,4,1,4,4,4,4,1,4,1,4,4,4,4,4,1,3,4,4,4,4,4,4,4,5,1,4,4,4,1,4,1,4,4,4,4,4,1,4,4,4,4,1,4,4,A96TDNBSXG3NJ,373528,female,45 - 54,native,office worker,over 6 months of usage,longer than 2 hours,5.433333333333334,2.8
166,4,5,2,5,5,4,4,2,4,2,4,4,3,4,4,3,3,4,3,4,4,3,4,4,5,1,4,4,5,4,5,1,4,5,4,4,4,2,4,4,5,5,1,3,5,A19X8IA9EKC3XH,373528,male,35 - 44,native,other,over 6 months of usage,longer than 2 hours,6.266666666666667,4.916666666666667
168,5,4,2,5,4,1,3,4,2,4,5,2,3,3,5,2,4,4,5,2,3,4,5,3,2,4,1,5,4,3,4,2,4,5,3,2,4,2,3,5,4,3,2,4,5,AO5G26R63SK4K,373528,male,25 - 34,native,office worker,over 6 months of usage,about 1 - 2 hours,4.833333333333333,1.2166666666666666
180,4,5,2,5,3,4,5,2,3,5,3,4,4,3,4,3,3,4,3,4,3,4,3,5,4,3,4,3,5,5,4,2,4,4,3,5,3,2,4,2,5,3,2,4,5,A3T7YH8D27FY1R,373528,female,35 - 44,fluent ,office worker,over 6 months of usage,longer than 2 hours,10.75,7.233333333333333
197,4,3,4,3,4,3,4,3,4,3,4,3,4,3,4,3,4,3,4,3,4,3,4,3,4,3,4,3,4,3,4,3,4,5,4,5,5,3,4,3,4,3,4,3,4,A2599EZFAW93DZ,373528,female,35 - 44,fluent ,office worker,over 6 months of usage,longer than 2 hours,7.566666666666666,4.083333333333333
205,3,4,3,4,2,3,3,4,4,2,3,4,3,2,2,2,3,4,2,3,4,4,2,3,4,1,1,1,1,1,3,4,3,4,3,4,3,4,3,4,2,3,4,4,4,A2LI71A9ZRA199,373528,male,35 - 44,native,office worker,over 6 months of usage,about 1 - 2 hours,10.683333333333334,1.05
206,4,4,2,4,3,5,4,2,4,2,3,5,3,5,5,2,3,4,3,3,3,3,3,2,4,2,3,3,5,4,4,2,3,4,4,4,3,2,3,3,4,4,2,2,4,A2BUHMLNE3LUU0,373528,female,35 - 44,fluent ,office worker,over 6 months of usage,longer than 2 hours,5.933333333333334,3.15
207,5,3,4,4,3,4,4,3,4,3,4,3,4,3,3,4,3,3,4,3,4,3,4,4,3,3,4,3,5,2,3,3,4,4,3,3,4,1,4,3,3,4,3,3,4,A2EBTEYZQMUXOM,373528,female,25 - 34,native,office worker,over 6 months of usage,about 1 - 2 hours,3.083333333333333,2.3833333333333333
209,5,4,3,5,3,5,4,3,4,3,4,3,3,4,4,3,3,5,3,4,4,3,3,4,5,3,4,5,5,3,5,3,5,3,5,4,4,3,4,3,4,4,3,4,4,A1U4WS9KJMADV,373528,male,25 - 34,native,office worker,over 6 months of usage,about 1 - 2 hours,34.416666666666664,11.95
219,4,4,2,5,4,5,4,1,4,3,2,3,4,4,4,1,2,5,4,4,4,4,4,4,5,1,4,5,4,4,5,1,3,4,5,2,4,1,4,4,5,5,1,3,4,ACR6012D868PP,373528,male,35 - 44,native,office worker,over 6 months of usage,longer than 2 hours,3.4833333333333334,2.816666666666667
231,5,5,1,4,5,4,5,1,4,3,5,4,4,5,5,2,4,5,5,5,5,5,5,5,4,3,4,5,5,3,5,1,4,5,5,4,5,1,5,4,5,4,1,4,5,AL42QQ0WUTNJY,373528,female,25 - 34,native,independent,over 6 months of usage,about 1 - 2 hours,4.3,2.45
234,3,4,2,1,2,4,3,3,5,2,2,3,2,4,4,3,1,4,2,1,3,2,5,3,4,1,4,4,4,3,5,1,4,4,5,1,3,2,4,3,4,4,1,1,3,A19NGUFGC7KIGW,373528,male,25 - 34,native,independent,over 6 months of usage,about 1 - 2 hours,4.416666666666667,3.783333333333333
235,5,4,3,5,3,5,3,2,3,4,4,3,4,4,3,4,3,5,3,3,4,3,3,4,5,3,4,5,5,3,5,3,4,5,5,4,4,3,4,3,4,4,3,4,4,A2IK3H6MQ1QV6E,373528,female,25 - 34,native,office worker,over 6 months of usage,about 1 - 2 hours,4.083333333333333,3.083333333333333
237,4,5,1,4,3,5,4,2,2,4,3,3,4,5,3,2,1,4,2,2,3,4,3,4,4,1,4,4,5,4,5,1,4,4,3,2,4,2,4,3,5,4,1,3,4,AJ7JFYKBG85ZV,373528,female,25 - 34,native,other,over 6 months of usage,longer than 2 hours,3.2666666666666666,2.8666666666666667
239,4,4,1,4,4,4,5,1,4,3,4,4,5,4,5,4,5,4,1,3,2,1,2,2,3,3,3,4,4,3,4,2,3,4,5,4,5,2,5,4,4,5,2,4,4,A2Y5NCND54RL3C,373528,female,35 - 44,native,office worker,over 6 months of usage,about 1 - 2 hours,3.966666666666667,2.6666666666666665
241,4,5,2,4,4,5,4,1,3,3,4,4,4,3,4,5,4,5,2,2,2,2,1,3,3,4,4,4,5,2,4,2,3,4,4,4,5,1,5,4,4,3,4,4,5,A8YGJ7Q9X7M9Q,373528,female,35 - 44,native,office worker,over 6 months of usage,about 1 - 2 hours,3.216666666666667,2.2
242,3,4,3,4,2,3,3,4,4,2,3,4,3,2,2,2,3,4,2,3,4,4,2,3,4,1,1,1,1,1,3,4,3,4,3,4,3,4,3,4,2,3,4,4,4,A2LI71A9ZRA199,373528,male,35 - 44,native,office worker,over 6 months of usage,about 1 - 2 hours,10.683333333333334,1.05
279,5,5,1,4,4,5,4,2,4,1,4,4,3,4,4,2,4,5,4,4,4,4,4,3,5,1,3,4,5,4,4,1,3,4,5,2,4,2,4,4,4,5,1,3,4,A1SGTL6LGLW4DK,373528,female,35 - 44,native,office worker,over 6 months of usage,about 1 - 2 hours,6.983333333333333,2.1333333333333333
281,4,3,4,3,4,3,2,3,4,2,3,3,3,4,4,3,4,3,4,4,3,4,3,2,3,3,2,3,3,4,3,2,3,4,4,3,3,3,4,3,4,3,4,3,2,A3J4YYW1M62T39,373528,female,35 - 44,native,office worker,over 6 months of usage,about 1 - 2 hours,5.733333333333333,0.9666666666666668
283,4,5,2,4,4,5,4,2,4,2,5,4,4,5,4,5,4,4,4,4,4,5,4,4,4,2,4,5,4,3,4,3,4,5,4,4,4,3,5,3,5,4,2,4,4,A1DKQAYDBNWCAE,373528,male,25 - 34,native,office worker,over 6 months of usage,longer than 2 hours,3.1166666666666667,2.466666666666667
292,4,5,2,4,3,4,5,2,4,3,3,4,4,5,4,3,2,4,5,3,5,4,5,3,5,2,4,4,5,3,5,1,4,5,4,4,5,2,4,3,4,4,2,5,4,A26211PR4VJSYZ,373528,female,25 - 34,native,office worker,over 6 months of usage,longer than 2 hours,21.73333333333333,20.916666666666668
295,5,5,1,5,4,5,4,2,5,2,3,2,4,4,4,2,1,4,5,5,5,5,5,5,4,1,4,4,4,2,5,1,4,4,4,3,5,1,5,4,5,5,1,3,4,A2EK1HDV4I4GSK,373528,male,45 - 54,native,office worker,over 6 months of usage,longer than 2 hours,5.016666666666667,4.3
297,4,5,3,4,3,4,3,2,3,3,3,3,3,3,3,4,3,3,2,2,2,2,2,2,3,2,3,3,4,3,4,2,3,4,3,4,3,2,3,3,4,3,3,4,3,A1HZCVTXYYNKP8,373528,male,25 - 34,native,office worker,over 6 months of usage,about 1 - 2 hours,7.083333333333333,6.2
300,4,4,2,2,3,3,3,3,4,3,3,3,4,4,4,2,4,4,4,4,3,3,4,3,4,3,2,4,4,4,3,2,4,4,4,4,4,2,4,3,4,4,2,4,4,APT42OCCATUAI,373528,male,25 - 34,native,office worker,over 6 months of usage,about 1 - 2 hours,16.166666666666668,3.8
301,3,4,3,3,4,3,3,4,4,3,4,3,4,4,3,4,4,3,4,4,3,3,3,4,3,3,3,2,3,4,3,3,4,3,3,4,3,2,4,2,4,3,4,4,4,A1UT9DDTZV5WNL,373528,female,45 - 54,native,independent,over 6 months of usage,less than 1 hour,4.883333333333334,4.3
305,5,5,1,3,4,5,4,2,5,2,3,3,2,3,4,2,2,3,5,5,5,5,4,4,5,3,3,4,5,4,5,1,5,5,4,3,4,2,4,4,5,5,1,3,4,A3COKL7K5AYZGG,373528,female,25 - 34,native,office worker,over 6 months of usage,longer than 2 hours,3.05,2.333333333333333
322,5,3,2,3,2,3,4,2,3,2,3,4,2,4,4,3,1,3,2,2,2,2,3,2,5,1,3,4,4,4,4,1,4,3,3,1,3,2,3,3,5,5,1,1,4,A19NGUFGC7KIGW,373528,male,25 - 34,native,independent,over 6 months of usage,about 1 - 2 hours,7.25,6.666666666666667
325,4,4,3,4,4,4,4,2,4,3,4,3,3,4,4,2,4,4,3,3,4,4,4,3,4,2,4,4,5,4,4,2,4,4,4,4,5,2,5,4,4,5,3,4,4,A1ET1BCJ2DHKML,373528,female,25 - 34,native,office worker,over 6 months of usage,longer than 2 hours,10.566666666666666,6.516666666666667
326,5,4,3,5,3,5,4,3,4,3,4,3,4,5,5,3,4,4,4,4,5,5,3,5,5,3,4,3,5,4,5,2,4,4,5,5,4,2,5,4,5,4,3,3,5,AJ0IUCJ9UKE25,373528,male,45 - 54,native,office worker,over 6 months of usage,longer than 2 hours,7.283333333333333,5.966666666666667
327,4,4,3,4,4,5,4,3,4,3,5,4,3,3,4,3,3,4,5,5,4,4,4,3,4,3,4,3,4,3,4,1,5,4,4,5,4,1,4,5,4,3,1,3,4,A3F7C28TEYK795,373528,female,25 - 34,fluent ,office worker,over 6 months of usage,about 1 - 2 hours,11.85,5.983333333333333
344,4,4,2,4,4,5,5,2,4,3,4,4,4,4,3,4,4,4,3,4,4,4,2,2,4,2,5,5,5,5,5,1,4,4,4,4,4,1,4,4,4,4,1,4,5,A2THV5PG8NUN0B,373528,female,25 - 34,native,office worker,over 6 months of usage,about 1 - 2 hours,10.616666666666667,9.466666666666669
350,4,5,2,4,3,4,3,2,4,3,4,5,4,3,2,4,5,4,2,3,2,3,4,3,5,3,4,5,4,4,5,2,4,3,5,4,4,2,4,5,4,3,2,4,4,A24W8UUQ7A7HXN,373528,male,25 - 34,native,office worker,over 6 months of usage,about 1 - 2 hours,15.0,1.7166666666666666
352,4,3,2,4,3,4,4,2,4,3,4,4,5,3,3,4,4,3,2,3,2,3,2,3,4,3,4,4,5,4,3,2,5,4,4,4,5,2,5,4,4,5,2,3,4,A3MEWFANEAROY,373528,female,25 - 34,native,office worker,over 6 months of usage,longer than 2 hours,6.2,5.266666666666667
359,4,5,2,4,3,4,5,2,4,3,3,4,4,5,4,3,2,5,5,4,5,4,5,3,5,2,4,4,4,3,5,1,4,5,4,4,4,2,4,3,5,4,2,5,4,A1V2IQC4W5K2IN,373528,female,25 - 34,native,student,over 6 months of usage,longer than 2 hours,18.266666666666666,10.983333333333333
360,4,4,3,3,4,4,4,1,3,2,3,4,2,4,3,5,4,5,3,4,2,3,3,2,4,2,4,4,5,4,4,2,5,4,4,4,5,2,4,2,4,5,2,4,5,A2XQPV8XEOGQO6,373528,female,25 - 34,native,independent,over 6 months of usage,about 1 - 2 hours,6.35,5.833333333333333
362,5,4,3,4,4,5,4,2,4,3,3,4,4,4,4,2,4,4,4,4,4,4,4,4,4,2,3,4,5,4,4,2,4,4,4,4,4,2,4,4,4,4,2,3,4,AS56AZWS9Q9IV,373528,female,25 - 34,native,office worker,over 6 months of usage,longer than 2 hours,7.933333333333334,5.833333333333333
367,3,4,3,3,3,4,3,2,3,3,4,3,3,2,3,2,4,3,2,2,2,3,3,3,4,2,4,3,4,4,4,2,4,4,4,4,4,3,4,4,4,3,3,3,4,A32WLG9ZR0YXUH,373528,male,25 - 34,native,office worker,over 6 months of usage,about 1 - 2 hours,9.55,8.366666666666667
383,4,4,2,4,4,5,4,2,4,2,3,4,4,5,3,1,2,4,4,4,4,4,4,4,5,2,4,4,4,4,4,1,4,4,4,4,4,1,4,4,5,5,1,4,4,A1BRJXBMTURQNT,373528,male,25 - 34,native,other,over 6 months of usage,about 1 - 2 hours,3.566666666666667,1.8833333333333333
384,5,5,1,4,3,5,4,1,5,2,4,4,3,4,4,5,3,4,5,5,5,5,5,5,4,1,5,4,5,3,5,1,5,5,5,1,4,1,4,4,5,5,1,4,4,A3QPVH0DRW0ZQV,373528,female,45 - 54,native,office worker,over 6 months of usage,longer than 2 hours,14.7,12.95
385,4,4,2,4,3,4,4,3,4,3,3,4,3,3,4,3,4,4,4,5,5,5,5,5,4,2,3,3,3,3,4,2,3,4,4,3,3,2,3,3,4,4,2,2,3,A2C84POENS2UNY,373528,female,35 - 44,native,office worker,over 6 months of usage,about 1 - 2 hours,13.733333333333333,1.3
386,4,4,2,4,4,4,4,2,4,3,4,3,4,4,3,2,2,4,4,4,4,4,4,4,4,2,4,4,4,5,4,2,4,4,4,3,4,2,4,4,5,4,2,3,4,A22BBAU24IEHPL,373528,male,45 - 54,native,independent,over 6 months of usage,longer than 2 hours,5.466666666666667,2.216666666666667
387,4,4,1,4,4,4,3,5,5,2,4,3,4,4,4,2,3,4,3,3,3,3,3,3,4,2,4,4,4,3,4,2,4,4,4,3,5,1,5,4,5,5,1,3,4,A3HNEYFOIJWPH1,373528,male,35 - 44,native,office worker,over 6 months of usage,longer than 2 hours,3.75,3.183333333333333
388,4,4,3,4,3,4,4,2,4,3,4,4,4,4,4,2,4,4,4,4,4,4,4,4,4,2,4,4,4,4,4,2,4,4,4,4,4,2,4,4,4,4,2,4,4,A2CNWM7VG2VGTU,373528,female,35 - 44,native,office worker,over 6 months of usage,longer than 2 hours,6.2,4.75
392,4,4,2,5,3,4,4,2,4,3,3,3,5,4,4,4,4,5,4,4,4,3,4,3,3,2,4,5,4,4,3,2,3,4,4,5,4,2,4,3,5,4,3,4,5,A2404K01AK5XDB,373528,female,35 - 44,native,office worker,over 6 months of usage,about 1 - 2 hours,6.133333333333334,5.183333333333334
394,4,4,3,4,4,3,4,3,4,3,4,4,4,5,4,3,4,4,3,3,3,4,4,4,4,2,4,4,5,3,4,2,4,4,4,5,5,1,5,4,4,4,3,4,5,A2JY86U7GYYWG9,373528,female,35 - 44,native,office worker,over 6 months of usage,longer than 2 hours,15.016666666666667,13.366666666666667
398,4,2,4,2,4,3,4,2,4,3,2,4,5,2,4,5,3,2,4,3,2,4,3,4,2,4,4,5,3,4,4,2,5,4,3,5,4,2,3,4,3,5,3,5,3,ADY4HRABHFAW4,373528,female,35 - 44,native,independent,over 6 months of usage,about 1 - 2 hours,3.6,2.6666666666666665
403,2,3,3,4,3,4,4,3,4,3,4,4,4,3,4,3,3,4,3,4,4,3,4,4,3,2,3,4,3,4,3,4,3,4,3,4,3,4,3,4,4,4,3,4,3,A223P9641K8Q0S,373528,male,25 - 34,native,office worker,over 6 months of usage,about 1 - 2 hours,8.0,2.533333333333333
406,4,4,1,5,4,5,4,1,4,2,4,4,5,4,5,2,4,5,4,5,4,5,4,5,4,2,4,5,4,4,5,2,4,5,4,4,5,2,4,5,4,4,2,5,5,A3B2YRSMSC2J3T,373528,female,55 - 65,native,office worker,over 6 months of usage,about 1 - 2 hours,27.466666666666665,3.433333333333333
412,5,4,1,5,4,5,4,1,5,1,5,1,5,5,5,1,5,5,4,5,4,4,5,4,5,1,5,4,5,1,5,1,4,5,4,5,4,1,5,4,5,4,1,5,4,ALDAL97WR0CYZ,373528,female,25 - 34,native,office worker,over 6 months of usage,longer than 2 hours,4.916666666666667,1.1333333333333333
417,5,5,1,5,5,5,5,1,5,1,5,5,5,5,5,1,5,5,5,5,5,5,5,5,5,1,5,5,5,4,5,1,5,5,5,5,5,1,5,4,5,5,1,4,5,A13FUEPWBCLBUY,373528,male,35 - 44,native,office worker,over 6 months of usage,longer than 2 hours,3.333333333333333,2.9
419,4,4,1,4,2,5,4,1,4,3,5,4,4,4,4,1,3,3,5,5,5,5,5,4,5,1,5,4,4,4,4,1,4,4,4,4,4,1,5,4,4,4,1,4,4,A31A1PVXLJBISZ,373528,male,25 - 34,native,office worker,over 6 months of usage,longer than 2 hours,5.5,4.6
421,4,5,2,4,3,5,4,2,4,2,3,4,4,4,3,4,2,5,4,4,4,4,2,4,5,2,3,4,4,5,4,1,4,4,4,2,3,3,4,3,4,4,2,4,4,A1FMVUYV72MUO3,373528,male,35 - 44,native,office worker,over 6 months of usage,longer than 2 hours,4.716666666666667,3.316666666666667
422,4,5,1,4,4,5,5,1,4,2,3,3,4,4,5,3,2,4,2,4,4,4,2,4,5,1,5,5,5,5,5,1,4,4,4,4,5,1,5,5,5,5,1,4,5,A2XK67AAR9ZU63,373528,female,25 - 34,native,office worker,over 6 months of usage,longer than 2 hours,7.65,6.983333333333333
426,4,4,2,4,3,5,4,2,4,2,3,5,3,4,3,2,1,4,4,4,5,4,3,3,4,2,4,4,4,1,4,2,4,4,3,3,4,2,4,3,4,3,1,3,3,AU849EHZNGV2Z,373528,male,35 - 44,native,independent,over 6 months of usage,about 1 - 2 hours,4.883333333333334,3.2666666666666666
432,4,4,2,4,4,4,4,2,4,2,4,4,4,4,4,2,4,4,4,4,4,4,4,4,4,2,4,4,4,4,4,2,4,4,4,4,4,2,4,4,4,4,2,4,4,A1PS8FTSVOJ4PB,373528,male,45 - 54,native,office worker,over 6 months of usage,longer than 2 hours,6.416666666666667,3.4
433,5,5,1,5,4,5,3,2,4,3,4,4,2,4,4,3,2,4,4,2,4,4,4,4,4,1,2,3,5,4,5,1,4,4,4,3,5,1,5,5,5,4,1,3,5,A1QXBYE81CP9N9,373528,female,35 - 44,native,office worker,over 6 months of usage,longer than 2 hours,12.7,4.683333333333334
439,5,4,1,4,4,5,5,1,4,2,4,5,5,4,4,1,4,5,5,4,4,4,4,5,4,1,4,5,5,4,5,1,4,5,5,4,4,1,4,5,5,5,1,4,5,A1T0ND039EWAVV,373528,female,35 - 44,native,office worker,over 6 months of usage,longer than 2 hours,4.566666666666666,3.05
445,4,5,2,5,4,5,4,2,4,2,4,3,4,5,4,2,4,4,4,4,4,4,4,4,5,1,4,5,5,2,4,1,4,5,4,5,5,1,5,1,5,4,1,4,5,A37YVH6B18WJCJ,373528,female,18 - 24,native,office worker,over 6 months of usage,longer than 2 hours,4.183333333333334,2.716666666666667
450,4,3,2,3,3,4,3,3,2,4,3,2,3,3,3,2,3,4,4,2,3,3,3,3,4,2,3,3,4,4,3,2,3,2,3,2,2,4,3,2,4,3,3,2,2,A1SISJL5ST2PWH,373528,male,35 - 44,native,office worker,over 6 months of usage,less than 30 mins,3.4,2.45
454,4,4,2,4,3,4,3,4,4,3,2,2,4,4,4,2,3,4,4,4,3,3,3,3,3,2,4,4,4,4,4,2,3,4,4,3,4,2,4,3,4,3,2,2,4,A38GTC1PMKOMV4,373528,male,35 - 44,native,office worker,over 6 months of usage,about 1 - 2 hours,10.55,3.5
456,4,3,2,3,3,4,3,2,3,4,3,2,3,4,3,2,3,3,4,3,2,3,4,3,3,2,3,4,3,2,3,4,3,2,3,4,3,2,3,4,3,2,3,4,3,A3EFT5ETMGRUC2,373528,male,25 - 34,native,office worker,over 6 months of usage,about 1 - 2 hours,8.15,0.85
459,5,5,1,5,4,4,5,2,5,2,2,2,5,5,5,2,3,5,5,4,5,5,5,5,4,2,5,5,5,4,5,2,5,5,5,5,5,2,5,5,5,5,2,5,5,A23KAJRDVCVGOE,373528,male,35 - 44,native,office worker,over 6 months of usage,about 1 - 2 hours,3.283333333333333,2.8
461,5,5,1,4,5,5,5,2,5,2,5,2,5,5,4,2,4,5,3,3,3,3,3,3,5,2,4,5,5,3,5,1,4,5,5,5,5,1,5,4,5,5,1,5,5,A2L54AX32N0H0O,373528,female,18 - 24,native,office worker,over 6 months of usage,about 1 - 2 hours,8.566666666666666,7.283333333333333
462,4,5,2,4,3,4,4,2,5,3,4,3,4,4,4,3,2,4,4,4,5,4,4,3,5,2,4,5,5,4,4,1,2,4,5,2,3,3,4,4,4,4,2,4,4,A6IKEWK6FWOLC,373528,female,35 - 44,native,office worker,over 6 months of usage,longer than 2 hours,6.5,5.583333333333333
463,4,4,2,4,4,5,3,1,4,3,4,3,4,4,3,2,3,3,3,2,2,2,3,3,4,2,4,4,5,4,5,1,4,5,4,5,5,1,4,4,5,5,1,4,4,A14CBWGILA1VG4,373528,male,45 - 54,native,office worker,over 6 months of usage,longer than 2 hours,10.866666666666667,6.3
466,5,5,1,4,3,5,5,1,4,1,4,5,5,5,5,4,2,4,3,3,3,5,3,3,5,1,5,5,5,5,5,1,5,5,4,1,3,2,4,3,4,4,1,3,3,A2INXY39KBM92F,373528,male,25 - 34,native,independent,over 6 months of usage,longer than 2 hours,3.3666666666666667,2.95
470,5,4,1,5,5,5,5,1,4,1,5,5,4,5,5,1,2,5,3,3,2,2,3,2,5,2,5,5,5,4,5,1,4,4,4,4,5,1,5,5,5,5,1,5,5,A2WB0FRX8L70FA,373528,male,35 - 44,native,office worker,over 6 months of usage,longer than 2 hours,16.0,13.183333333333334
473,4,4,1,4,3,4,4,2,4,2,3,4,4,4,4,3,2,3,5,4,4,4,3,3,4,1,4,3,4,4,4,1,4,4,4,4,4,1,5,5,5,5,1,3,4,A3785TR8D5I81Q,373528,female,25 - 34,fluent ,other,over 6 months of usage,longer than 2 hours,14.383333333333333,10.816666666666666
475,4,5,1,4,3,2,4,2,5,3,4,3,5,4,5,4,5,3,2,1,3,4,5,3,4,2,5,4,5,2,5,1,3,4,5,4,5,1,5,4,5,3,2,5,4,A35WU8Y7FBE9XJ,373528,male,35 - 44,native,office worker,over 6 months of usage,longer than 2 hours,4.05,3.6
476,4,3,2,4,3,4,4,2,4,2,3,4,4,4,4,4,4,4,3,5,4,4,4,4,4,3,5,4,5,3,4,2,4,3,4,3,4,2,4,3,4,4,2,2,4,A1KGUJMWDCPSYG,373528,female,45 - 54,native,office worker,over 6 months of usage,longer than 2 hours,10.333333333333334,6.766666666666667
477,5,5,1,5,1,5,4,2,3,3,2,3,2,2,3,3,1,4,5,4,2,5,2,3,5,1,3,4,5,3,4,1,3,2,3,1,3,3,3,3,4,4,1,4,1,AD15OW944ZV20,373528,male,35 - 44,native,office worker,over 6 months of usage,longer than 2 hours,4.116666666666666,3.1166666666666667
479,4,4,2,4,3,4,4,3,4,2,3,3,4,4,4,3,3,3,3,3,3,3,3,3,4,2,4,3,4,4,4,1,4,4,4,3,3,1,3,3,5,5,1,2,4,A3G0GCV9L0OYJC,373528,male,45 - 54,native,office worker,over 6 months of usage,longer than 2 hours,7.316666666666666,4.65
480,4,2,4,2,4,3,4,2,4,3,2,4,5,2,4,5,3,2,4,3,2,4,3,4,2,4,4,5,3,4,4,2,5,4,3,5,4,2,3,4,3,5,3,5,3,ADY4HRABHFAW4,373528,female,35 - 44,native,independent,over 6 months of usage,about 1 - 2 hours,3.6,2.6666666666666665
482,4,4,2,4,3,4,4,2,4,2,3,3,4,4,4,3,2,4,4,4,4,4,3,4,4,2,4,4,4,3,4,2,4,4,4,3,1,5,1,1,4,3,2,3,2,A36470UBRH28GO,373528,female,35 - 44,native,office worker,over 6 months of usage,less than 30 mins,3.2333333333333334,2.7333333333333334
485,4,4,2,4,5,3,4,1,5,3,4,5,4,4,4,3,3,4,4,2,4,4,4,4,5,2,5,4,5,4,5,1,5,4,5,2,4,2,4,4,5,5,2,4,5,A1W7T8V97ZPUH0,373528,female,35 - 44,native,office worker,over 6 months of usage,longer than 2 hours,22.7,21.216666666666665
486,4,5,1,5,4,5,5,1,5,3,5,4,4,5,3,1,3,4,4,4,4,4,4,3,5,2,4,4,5,4,5,1,5,5,5,4,5,1,5,4,5,5,1,3,5,A338RDAH4UAXDH,373528,male,35 - 44,native,office worker,over 6 months of usage,longer than 2 hours,7.4,5.966666666666667
496,4,4,2,5,1,3,3,2,2,4,3,3,2,4,3,2,2,4,5,4,4,4,5,4,5,2,3,4,2,5,4,2,4,4,3,4,2,4,2,3,4,4,2,3,2,A1PIGZNLSQMGNW,373528,male,35 - 44,native,office worker,over 6 months of usage,longer than 2 hours,3.083333333333333,2.6333333333333333
499,5,4,1,5,4,5,4,1,5,1,5,1,5,5,5,1,5,5,4,5,4,4,5,4,5,1,5,4,5,1,5,1,4,5,4,5,4,1,5,4,5,4,1,5,4,ALDAL97WR0CYZ,373528,female,25 - 34,native,office worker,over 6 months of usage,longer than 2 hours,4.916666666666667,1.1333333333333333
503,5,5,1,4,3,5,4,1,5,3,4,3,5,4,4,2,5,4,5,5,5,5,5,5,5,1,5,5,5,5,5,1,5,5,5,5,5,1,5,4,5,5,1,3,5,AOIR8V07FYMH5,373528,male,35 - 44,native,office worker,over 6 months of usage,less than 1 hour,7.85,7.3
504,5,5,2,5,4,5,5,2,5,3,5,2,5,3,4,1,1,5,4,4,4,4,4,4,5,2,4,5,5,5,5,1,5,5,5,5,5,1,5,5,5,5,1,3,5,A22QPDT3M2V3YK,373528,male,35 - 44,native,office worker,over 6 months of usage,longer than 2 hours,7.833333333333333,3.733333333333333
506,4,5,1,4,5,3,4,1,4,2,5,4,4,3,4,2,4,3,3,4,2,3,4,1,4,3,5,4,5,1,4,2,3,4,5,4,5,1,4,5,4,5,2,4,5,A2CTQGFM7ZWNYY,373528,female,25 - 34,native,office worker,over 6 months of usage,longer than 2 hours,17.933333333333334,12.333333333333334
509,4,4,1,4,2,5,4,1,4,3,5,4,4,4,4,1,3,3,5,5,5,5,5,4,5,1,5,4,4,4,4,1,4,4,4,4,4,1,5,4,4,4,1,4,4,A31A1PVXLJBISZ,373528,male,25 - 34,native,office worker,over 6 months of usage,longer than 2 hours,5.5,4.6
510,4,4,2,4,4,4,4,2,4,2,3,3,4,4,2,2,2,4,4,4,4,4,4,4,4,2,4,4,4,4,4,2,4,3,4,2,4,2,4,3,4,4,2,3,4,A34YDGVZKRJ0LZ,373528,female,45 - 54,native,independent,over 6 months of usage,longer than 2 hours,6.933333333333334,4.05
513,4,5,2,3,3,5,4,2,4,2,3,3,4,5,3,4,2,3,4,4,5,5,3,3,5,2,4,3,4,3,5,2,4,3,5,2,3,3,3,3,4,4,2,3,3,AVCOBHDVXZOZL,373528,male,35 - 44,native,office worker,over 6 months of usage,longer than 2 hours,3.633333333333333,3.066666666666667
514,4,4,2,3,3,4,2,4,3,4,3,2,3,2,4,2,2,4,2,2,2,2,4,2,4,2,4,3,4,4,4,2,3,2,4,4,3,3,3,3,4,4,2,2,3,ANX6Q4NMZL8EI,373528,female,45 - 54,native,other,over 6 months of usage,less than 1 hour,4.233333333333333,3.55
515,4,5,1,4,4,5,5,1,4,2,5,4,2,5,2,1,2,4,5,5,5,5,4,4,5,1,4,4,5,4,5,1,4,4,5,5,4,1,5,4,5,5,1,4,5,A3G7QQTQIKYI2O,373528,female,35 - 44,native,office worker,over 6 months of usage,longer than 2 hours,6.466666666666667,5.766666666666667
518,4,3,4,4,2,3,4,2,3,4,4,3,4,3,4,4,3,4,2,3,2,2,4,2,3,4,3,4,3,4,3,4,3,4,3,4,4,2,5,4,3,4,3,4,5,A3NB2BDH40UW0H,373528,female,35 - 44,native,office worker,over 6 months of usage,about 1 - 2 hours,4.483333333333333,3.1333333333333333
519,4,4,2,3,4,5,4,2,4,2,3,3,4,4,2,2,2,4,5,5,5,5,5,5,4,1,4,3,4,5,5,1,4,4,4,3,4,1,4,4,5,5,1,4,4,AOWY4TEB0UCMX,373528,female,35 - 44,native,independent,over 6 months of usage,longer than 2 hours,4.35,3.6
521,4,5,1,5,4,5,5,1,5,3,4,5,4,4,4,2,4,5,3,3,3,4,3,4,5,2,3,4,5,4,5,1,5,5,5,5,5,1,5,4,5,4,1,3,5,A1PE871T4OHATE,373528,female,35 - 44,native,office worker,over 6 months of usage,longer than 2 hours,4.083333333333333,2.75
525,5,4,2,5,4,5,4,2,5,2,4,4,4,4,5,2,2,4,2,2,1,1,1,1,5,2,4,4,5,4,4,2,4,5,5,4,4,2,4,4,5,4,2,3,5,A3C1QLGNYG36M1,373528,female,25 - 34,native,independent,over 6 months of usage,longer than 2 hours,6.1,3.3666666666666667
529,4,4,2,4,4,5,4,2,4,2,3,4,4,4,3,2,2,4,4,4,4,4,4,4,5,2,4,4,4,4,4,1,4,4,5,4,4,1,4,4,4,5,1,4,4,A1BRJXBMTURQNT,373528,male,25 - 34,native,office worker,over 6 months of usage,longer than 2 hours,4.35,2.433333333333333
535,3,3,3,4,3,4,3,2,4,2,3,4,3,4,3,4,2,4,3,3,3,3,3,3,4,2,2,3,4,5,4,2,4,3,4,1,2,4,3,2,4,3,2,3,2,A2XILSQJK0S8RP,373528,male,45 - 54,native,independent,over 6 months of usage,longer than 2 hours,3.0166666666666666,2.3666666666666667
538,4,5,1,4,3,5,4,1,4,2,3,4,4,4,4,2,2,5,5,5,5,5,4,4,5,1,4,5,5,4,5,1,5,5,5,4,3,1,3,3,4,4,1,3,5,A27CEAL8PWSAG5,373528,female,45 - 54,native,office worker,over 6 months of usage,longer than 2 hours,3.5166666666666666,2.9166666666666665
539,5,4,2,5,3,4,5,2,5,2,3,5,5,5,4,1,1,5,5,5,5,5,3,5,5,1,5,5,5,1,5,1,4,3,5,3,3,3,3,3,5,5,1,3,3,AIOOOO5OXWXKM,373528,male,25 - 34,native,office worker,over 6 months of usage,about 1 - 2 hours,3.966666666666667,2.9833333333333334
545,5,5,1,4,2,5,5,2,5,2,4,4,4,5,4,4,2,5,5,5,5,4,2,4,5,1,4,3,5,2,5,1,5,5,5,1,4,1,4,4,5,5,1,4,5,A3QPVH0DRW0ZQV,373528,female,45 - 54,native,office worker,over 6 months of usage,longer than 2 hours,9.116666666666667,7.316666666666666
552,4,3,1,3,3,5,4,1,3,4,4,3,4,4,3,4,3,3,4,5,5,5,4,4,4,3,3,4,5,3,4,1,4,3,4,4,4,1,4,3,3,4,1,3,3,AXCDKBG1R43GE,373528,female,25 - 34,native,office worker,over 6 months of usage,about 1 - 2 hours,3.85,2.7
562,4,5,1,4,4,5,4,1,4,2,4,4,5,5,4,1,2,4,2,2,1,1,2,1,4,2,5,5,4,3,4,1,5,4,4,5,4,1,5,4,5,5,1,4,5,A3F8K7ZV8AX8UR,373528,male,25 - 34,fluent ,office worker,over 6 months of usage,longer than 2 hours,7.016666666666667,1.2
568,4,4,2,4,3,5,4,2,5,3,3,4,4,4,3,4,3,5,3,3,4,3,3,3,5,1,4,3,5,3,4,2,4,5,4,5,3,3,3,3,4,4,3,3,3,A1153ZIEQX0ZJ8,373528,male,25 - 34,native,office worker,over 6 months of usage,less than 1 hour,10.9,10.266666666666667
591,4,4,1,4,2,4,4,2,4,2,3,4,4,4,4,2,3,4,3,4,4,4,4,3,3,2,3,4,4,3,4,1,4,4,4,3,4,1,4,3,4,4,1,4,4,AD53O2TOJ2K0S,373528,male,35 - 44,fluent ,office worker,over 6 months of usage,longer than 2 hours,5.666666666666667,4.0
592,4,4,2,5,4,4,4,2,5,2,2,4,2,4,5,2,2,3,4,4,4,5,4,4,3,2,2,3,4,4,4,1,4,4,4,2,4,2,4,3,4,4,2,2,2,A3FQNVDMR1ORAT,373528,male,25 - 34,native,other,over 6 months of usage,about 1 - 2 hours,3.4,2.583333333333333
593,4,3,4,3,3,5,2,4,4,2,3,4,3,3,4,3,2,4,2,2,2,3,2,2,3,1,2,2,3,5,4,1,5,4,4,4,2,4,2,2,3,3,2,3,2,A2OVX9UW5WANQE,373528,female,45 - 54,native,office worker,over 6 months of usage,about 1 - 2 hours,10.066666666666666,8.616666666666667
594,5,2,3,5,4,5,3,1,4,3,5,4,3,5,4,5,3,5,3,4,2,4,5,4,5,2,4,5,4,5,3,1,3,5,3,5,5,1,5,2,4,5,2,4,5,A1HJMWBELD6EQH,373528,male,25 - 34,native,office worker,over 6 months of usage,longer than 2 hours,5.65,5.25
595,5,4,1,5,3,4,5,3,2,3,3,3,1,3,4,1,3,3,2,2,3,3,3,3,5,1,2,3,4,4,5,1,4,5,4,1,2,4,2,2,3,3,4,3,3,AWGYEB0Z48B4R,373528,male,45 - 54,native,other,over 6 months of usage,longer than 2 hours,4.283333333333333,2.65
598,4,4,1,4,3,4,3,2,4,2,3,4,3,4,5,2,2,4,4,4,4,3,2,3,4,1,4,4,5,5,4,2,4,4,5,3,3,3,3,3,4,4,2,4,4,AQKC1VIZAZ6VI,373528,male,45 - 54,native,office worker,over 6 months of usage,about 1 - 2 hours,7.35,6.566666666666666
600,4,5,3,4,5,5,3,4,4,3,2,2,4,3,5,4,3,5,2,3,4,3,2,4,5,3,4,5,3,2,4,3,5,4,3,5,4,2,5,3,5,3,4,5,2,A30MACY2H1OFFY,373528,male,25 - 34,native,office worker,over 6 months of usage,longer than 2 hours,3.933333333333333,2.216666666666667
601,4,5,1,4,5,4,4,1,5,1,5,4,5,4,4,1,5,4,1,1,1,1,1,1,5,3,5,5,5,1,4,1,5,4,5,4,5,1,5,4,4,5,1,5,5,A1QZ61786NG7ZG,373528,female,25 - 34,native,office worker,over 6 months of usage,longer than 2 hours,3.4166666666666665,1.7666666666666666
602,4,4,2,4,3,4,3,3,4,3,3,4,3,4,4,2,3,4,3,3,3,2,3,4,4,3,3,4,3,2,3,2,2,4,4,4,4,2,4,3,3,3,2,3,4,A1CAAVAL6ACTFD,373528,male,18 - 24,native,office worker,over 6 months of usage,about 1 - 2 hours,5.25,4.216666666666667
607,5,4,1,5,4,5,5,1,4,3,5,3,4,5,4,1,4,4,4,4,3,3,4,4,5,2,4,5,5,4,5,1,4,5,4,5,5,1,5,4,5,5,1,3,5,A2Q5ITWV0VXBPT,373528,male,18 - 24,native,office worker,over 6 months of usage,longer than 2 hours,8.066666666666666,5.0
613,4,5,1,4,2,5,4,2,5,2,4,4,5,4,4,2,2,3,4,4,4,4,4,4,5,2,5,4,4,4,5,1,4,5,4,4,5,1,5,4,4,5,1,3,5,A39VVWV1GHLMFD,373528,male,25 - 34,native,office worker,over 6 months of usage,longer than 2 hours,13.95,2.1666666666666665
615,5,5,1,5,3,4,4,2,4,3,2,3,4,4,3,3,4,4,5,5,5,5,5,4,4,1,3,5,5,1,4,2,4,4,4,3,3,4,3,1,4,4,1,1,3,A1T6QVMIXF74FF,373528,female,25 - 34,native,office worker,over 6 months of usage,about 1 - 2 hours,3.5166666666666666,2.7666666666666666
624,5,5,1,5,5,5,5,1,5,1,5,5,5,5,5,1,5,5,5,5,5,5,5,5,5,1,5,5,5,5,5,1,5,5,5,5,5,1,5,5,5,5,1,5,5,A3JJXDML3XNSQP,373528,male,55 - 65,native,office worker,over 6 months of usage,longer than 2 hours,5.233333333333333,3.65
625,5,5,1,5,5,5,5,1,5,1,5,5,5,5,5,1,5,5,5,5,5,5,5,5,5,1,5,5,5,1,5,1,5,5,5,5,5,1,5,5,5,5,1,5,5,A2JK1C2IUA3FZ1,373528,male,55 - 65,native,office worker,over 6 months of usage,longer than 2 hours,5.666666666666667,4.166666666666667
0,5,5,2,4,4,5,4,2,5,2,5,5,4,4,5,3,2,5,4,5,4,5,4,5,5,4,5,4,5,4,5,2,4,5,5,5,5,1,5,4,5,4,1,4,5,A2P0EZBOOTBSAL,373528,female,25 - 34,native,office worker,over 6 months of usage,longer than 2 hours,11.6,9.666666666666666
2,4,5,1,4,3,5,5,2,4,5,4,2,4,4,3,1,4,5,4,4,4,5,5,4,4,2,5,4,4,5,4,2,4,5,5,4,4,2,5,4,4,5,2,5,5,A1TOER30AQUY2F,373528,male,25 - 34,native,office worker,over 6 months of usage,longer than 2 hours,4.566666666666666,3.6
5,3,2,4,3,1,3,2,5,2,5,1,2,2,1,2,5,1,3,3,3,3,3,3,3,4,1,2,2,2,1,2,5,1,1,2,1,2,4,2,2,2,2,2,1,1,A2HYYV0L5HT1IF,373528,male,35 - 44,native,office worker,over 6 months of usage,about 1 - 2 hours,5.333333333333333,3.816666666666667
13,4,5,2,4,3,5,4,1,4,4,3,3,4,3,3,2,3,4,4,4,3,3,3,4,5,2,4,4,5,4,5,1,4,5,5,5,4,1,4,3,5,5,1,3,5,A3OZHKAI24FEIE,373528,female,45 - 54,native,office worker,over 6 months of usage,longer than 2 hours,5.0,2.45
18,5,4,2,1,4,5,5,2,5,5,4,5,4,5,5,1,2,4,5,4,4,5,2,1,5,2,5,4,2,5,4,2,4,5,5,4,5,2,5,4,4,5,2,4,5,A1K8QNLYYYX21W,373528,male,18 - 24,native,independent,over 6 months of usage,longer than 2 hours,20.45,19.466666666666665
21,5,4,1,5,3,5,4,2,4,4,5,4,5,5,5,4,4,4,4,4,5,4,4,4,4,2,4,4,5,4,4,2,4,4,5,5,5,1,4,4,5,5,1,2,4,A22GYYJXTS5KBH,373528,female,25 - 34,native,office worker,over 6 months of usage,longer than 2 hours,6.583333333333333,2.4833333333333334
30,3,4,2,3,3,4,3,2,3,4,3,3,4,4,3,4,3,4,4,3,3,4,3,3,4,4,4,3,5,3,4,2,3,4,4,5,4,2,4,3,2,2,4,3,3,A1B7X75L6JOPGM,373528,female,25 - 34,fluent ,office worker,over 6 months of usage,about 1 - 2 hours,9.033333333333331,6.733333333333333
36,5,5,1,4,5,5,5,1,4,5,5,5,5,5,5,5,5,5,5,5,5,5,5,5,4,1,5,5,5,5,5,1,5,5,5,5,5,1,5,5,5,5,1,5,5,A3IEKOUWK8STNJ,373528,male,25 - 34,native,office worker,over 6 months of usage,less than 30 mins,10.35,6.25
38,5,4,2,4,3,4,5,1,3,4,5,3,4,3,4,5,3,4,3,2,4,5,3,4,5,4,3,5,4,2,5,2,4,5,4,5,5,2,4,3,5,3,2,4,5,ADNZW2B8WEZ0Z,373528,male,25 - 34,native,office worker,over 6 months of usage,longer than 2 hours,3.5,2.6
39,4,5,1,5,4,5,4,5,4,3,4,2,4,5,4,5,4,4,5,4,5,4,5,5,4,2,4,5,4,5,4,1,3,4,5,4,5,1,4,2,5,4,2,3,5,A1FYXDL61S1NVM,373528,female,25 - 34,native,office worker,over 6 months of usage,about 1 - 2 hours,12.716666666666669,11.833333333333334
40,4,4,1,4,4,4,4,4,4,3,4,4,4,4,4,3,4,4,5,5,5,5,4,3,4,1,4,4,5,5,5,1,4,4,4,3,4,1,4,4,5,5,1,3,5,A3785TR8D5I81Q,373528,female,25 - 34,fluent ,other,over 6 months of usage,longer than 2 hours,3.816666666666667,3.1666666666666665
49,4,5,2,4,4,5,4,2,4,2,2,2,4,4,4,2,2,4,4,5,4,5,5,5,4,4,4,4,5,4,4,1,4,4,5,4,5,1,4,4,5,5,1,4,5,A1KGUJMWDCPSYG,373528,female,45 - 54,native,office worker,over 6 months of usage,longer than 2 hours,6.65,4.383333333333334
50,4,4,2,4,1,4,3,3,5,4,3,2,4,4,3,3,2,4,3,5,4,4,3,3,4,2,4,4,4,3,4,2,4,4,4,3,1,5,1,1,4,4,2,3,2,A36470UBRH28GO,373528,female,35 - 44,native,office worker,over 6 months of usage,less than 1 hour,4.366666666666666,3.966666666666667
55,5,4,1,5,4,5,4,1,4,5,5,4,5,4,5,5,4,5,4,5,4,4,5,4,5,1,5,5,4,1,5,1,5,4,5,5,4,1,5,5,4,5,1,4,5,A2HTGXNXU965S9,373528,male,35 - 44,native,office worker,over 6 months of usage,longer than 2 hours,4.683333333333334,3.7666666666666666
59,4,3,2,3,4,4,3,2,2,4,4,5,4,3,2,3,4,4,3,2,3,4,4,3,2,3,4,4,5,4,3,2,2,3,4,4,5,4,3,3,2,3,4,4,4,A3AP9VARTGQH3T,373528,male,35 - 44,fluent ,office worker,over 6 months of usage,less than 1 hour,16.55,1.0833333333333333
63,5,4,2,5,1,5,4,3,4,2,4,2,5,4,4,5,4,5,2,2,2,5,4,3,5,4,5,4,4,2,5,2,5,4,5,4,5,2,4,4,5,4,2,4,5,A1BX8H3Z8REARA,373528,female,25 - 34,native,office worker,over 6 months of usage,longer than 2 hours,6.883333333333334,5.683333333333334
66,4,4,2,4,3,4,4,4,4,2,3,4,2,4,4,4,3,4,3,3,3,4,3,4,4,2,2,3,4,4,4,2,4,4,4,2,4,2,4,3,4,4,2,3,3,AKNYT1NTK2UFK,373528,female,35 - 44,native,office worker,over 6 months of usage,less than 1 hour,4.616666666666666,3.433333333333333
72,4,4,2,4,4,5,4,4,4,2,4,4,4,4,2,2,2,4,4,4,4,4,4,4,4,2,4,5,5,2,5,1,4,5,5,4,5,1,5,4,5,5,2,4,4,A34AZLYRHH6JJA,373528,female,25 - 34,native,office worker,over 6 months of usage,longer than 2 hours,7.383333333333334,4.583333333333333
77,4,4,1,5,5,4,4,5,3,2,4,3,5,4,5,4,5,5,4,4,5,5,5,5,5,2,4,5,4,3,5,1,4,5,3,4,4,1,5,4,4,5,3,5,5,A3DTG2QEFWI2II,373528,female,25 - 34,native,office worker,over 6 months of usage,longer than 2 hours,26.23333333333333,2.3
80,5,3,1,5,4,5,4,1,3,4,5,4,5,4,4,5,4,5,1,2,3,4,5,4,5,4,5,4,5,1,4,2,4,5,4,4,5,1,5,4,5,4,2,5,4,A2D9FH73C1F1LW,373528,female,25 - 34,native,office worker,over 6 months of usage,longer than 2 hours,7.65,1.4666666666666666
81,4,4,2,4,5,5,5,3,4,4,3,4,4,4,5,3,2,5,2,4,4,3,2,4,4,1,4,4,4,5,5,1,4,5,5,4,3,3,4,3,4,4,2,3,4,A18VIO909RWY6D,373528,male,25 - 34,native,other,over 6 months of usage,longer than 2 hours,3.2333333333333334,1.8666666666666667
83,4,4,2,4,3,3,3,4,4,4,2,2,4,4,4,2,2,3,4,3,4,3,4,4,4,2,4,4,5,5,5,1,4,4,4,2,4,2,4,4,4,4,1,3,5,A34GHCIPHACZP,373528,male,25 - 34,native,office worker,over 6 months of usage,longer than 2 hours,7.533333333333333,7.1
86,5,5,1,5,5,5,5,1,5,1,5,5,5,5,5,4,5,5,5,5,5,5,5,5,5,1,5,5,5,5,5,1,5,4,5,5,5,5,5,5,5,5,1,5,5,A2JK1C2IUA3FZ1,373528,male,55 - 65,native,office worker,over 6 months of usage,longer than 2 hours,6.833333333333333,5.733333333333333
87,5,4,2,5,4,4,5,2,4,4,3,4,2,2,4,3,4,4,2,2,2,3,2,2,3,2,2,3,4,5,5,1,4,4,4,3,4,2,5,4,5,5,2,4,4,AKMOBFEEKW378,373528,female,35 - 44,native,office worker,over 6 months of usage,about 1 - 2 hours,3.15,2.3
93,4,4,2,5,3,5,4,2,4,4,3,4,3,4,3,2,2,3,3,3,3,3,4,4,3,2,3,2,4,4,4,2,3,3,4,2,4,2,3,3,4,3,2,3,3,ANBWJZYU2A68T,373528,male,45 - 54,fluent ,other,over 6 months of usage,longer than 2 hours,5.383333333333334,4.733333333333333
95,4,3,1,5,5,4,4,1,4,4,5,4,3,5,5,3,4,5,2,2,4,4,4,3,5,1,4,3,5,4,4,2,4,4,4,5,3,1,4,4,5,3,1,4,4,A1U0FDPQ953KXX,373528,female,25 - 34,native,office worker,over 6 months of usage,longer than 2 hours,3.6166666666666663,3.033333333333333
97,5,5,1,4,4,5,5,1,5,3,4,4,3,5,4,4,2,5,5,5,5,5,5,5,2,1,5,5,5,4,5,1,5,5,5,4,5,1,5,1,5,5,1,5,5,A3MSD4LJT64BV8,373528,male,25 - 34,native,office worker,over 6 months of usage,about 1 - 2 hours,6.2,5.266666666666667
102,4,3,4,5,4,3,4,4,4,3,4,4,3,4,4,4,3,4,4,3,4,4,3,4,4,3,4,3,4,3,3,4,4,3,4,4,4,3,4,3,4,3,3,4,4,AVNYN96Q8S1NW,373528,male,25 - 34,native,office worker,over 6 months of usage,about 1 - 2 hours,9.8,9.216666666666669
106,5,5,2,4,4,5,4,2,4,4,5,3,4,4,4,3,5,5,4,4,4,4,4,4,5,2,4,4,5,2,4,1,4,4,5,4,5,1,5,2,5,5,1,4,5,A3OO6TSHQEFF5Y,373528,female,35 - 44,native,office worker,over 6 months of usage,longer than 2 hours,8.966666666666667,7.766666666666667
107,4,4,1,4,5,4,4,2,4,2,5,4,5,4,4,2,2,4,4,5,5,4,4,5,4,4,5,4,4,4,4,1,4,5,4,4,5,1,4,5,4,5,1,4,5,A2J1QH8F9ELL2P,373528,female,25 - 34,native,office worker,over 6 months of usage,longer than 2 hours,7.016666666666667,6.683333333333334
111,4,3,3,4,4,5,4,3,4,3,5,4,3,4,5,4,3,4,4,3,4,5,4,3,4,4,3,4,5,4,4,2,4,5,4,3,4,2,5,2,3,3,4,5,3,A2CFG15CY2363O,373528,female,25 - 34,native,office worker,over 6 months of usage,longer than 2 hours,10.3,9.033333333333331
133,4,4,2,4,3,4,4,2,4,4,3,3,4,3,4,2,4,4,3,3,4,3,3,4,3,2,4,4,5,3,4,1,3,4,4,5,5,1,4,3,5,4,2,4,5,A3SC8IBRLEFRUP,373528,male,45 - 54,fluent ,office worker,over 6 months of usage,longer than 2 hours,3.583333333333333,2.3833333333333333
135,4,4,1,4,4,4,4,1,4,4,4,4,4,4,4,1,3,4,4,4,4,4,4,4,4,1,4,4,4,3,4,2,4,4,4,4,4,2,4,4,4,4,2,4,4,A141BEGMEHN31L,373528,male,45 - 54,native,office worker,over 6 months of usage,longer than 2 hours,4.9,2.6
138,4,5,2,4,4,5,3,2,4,4,3,2,2,4,4,3,4,5,3,4,4,3,4,3,3,3,2,3,5,4,5,1,3,5,4,5,3,2,3,4,5,4,2,3,5,A3EYXR4HIZ4YL6,373528,female,55 - 65,native,office worker,over 6 months of usage,longer than 2 hours,5.783333333333333,3.6666666666666665
141,5,4,2,5,4,4,5,2,4,2,5,4,5,4,4,2,4,4,2,2,2,2,2,2,4,4,4,4,5,2,4,2,4,4,4,5,4,1,5,4,4,4,2,4,4,A2CA811M94B7NX,373528,male,35 - 44,native,office worker,over 6 months of usage,longer than 2 hours,6.916666666666667,3.1666666666666665
143,5,5,2,5,4,5,5,2,5,5,5,2,5,2,5,3,2,5,5,5,5,5,5,5,5,2,5,5,5,2,5,2,5,5,5,5,5,2,5,5,5,5,2,5,5,A36DN2EPFPP0R4,373528,male,35 - 44,fluent ,office worker,over 6 months of usage,longer than 2 hours,6.1,4.683333333333334
144,4,4,2,4,4,4,4,2,4,3,4,4,4,4,4,2,4,4,4,4,4,4,4,4,4,4,4,4,4,4,4,2,4,4,4,4,4,2,4,4,4,4,2,4,4,A3MJQ51KN9CMQ4,373528,female,25 - 34,native,office worker,over 6 months of usage,about 1 - 2 hours,6.283333333333333,5.4
145,4,4,3,4,4,4,3,2,4,3,4,3,4,4,4,4,3,4,3,4,4,3,3,3,4,2,4,4,4,2,4,2,3,4,4,4,4,2,4,3,4,5,4,5,4,A2404K01AK5XDB,373528,female,35 - 44,native,office worker,over 6 months of usage,about 1 - 2 hours,7.666666666666667,5.133333333333334
147,4,5,2,4,4,5,4,1,4,2,4,5,5,4,4,1,4,5,4,5,4,4,5,5,4,4,4,5,4,2,4,1,4,5,5,5,4,1,5,4,5,4,2,4,5,AQPFTUIJ0PW2N,373528,female,18 - 24,native,office worker,over 6 months of usage,longer than 2 hours,8.05,7.383333333333334
149,5,4,1,5,4,5,4,1,5,4,4,3,5,4,3,4,5,4,3,4,3,3,4,2,3,2,4,5,5,3,5,1,3,5,3,5,4,1,4,2,5,4,3,4,5,A3226S0VS9OEKO,373528,female,55 - 65,native,office worker,over 6 months of usage,longer than 2 hours,4.35,3.333333333333333
152,1,2,3,4,5,3,2,1,2,3,4,5,3,2,1,2,3,4,5,4,3,2,1,2,3,5,3,2,1,2,3,4,5,3,2,1,2,3,4,5,4,3,2,1,3,AGXFBPHVB1UX,373528,female,35 - 44,native,office worker,over 6 months of usage,longer than 2 hours,4.766666666666667,4.25
153,4,3,1,4,3,5,2,1,4,1,3,4,4,3,5,1,3,5,4,4,5,5,4,4,3,1,3,4,3,5,5,1,2,4,4,3,5,1,4,3,5,4,1,3,5,A2P84OFHT1UAZ2,373528,male,35 - 44,native,office worker,over 6 months of usage,about 1 - 2 hours,17.316666666666666,9.833333333333334
158,5,4,1,4,4,4,4,1,4,4,5,3,4,5,4,1,4,4,5,4,5,4,5,4,5,1,4,4,5,1,3,1,3,5,4,5,3,1,4,4,4,5,1,4,4,A1Z8JSNPBUBCJX,373528,male,25 - 34,native,office worker,over 6 months of usage,less than 1 hour,27.216666666666665,2.333333333333333
159,4,4,2,4,4,4,3,2,5,3,4,5,3,4,4,2,4,3,4,2,2,2,2,2,2,4,4,5,4,4,4,1,4,4,4,5,4,2,4,4,5,5,4,3,5,A38MMDL2ALKF0C,373528,male,25 - 34,native,office worker,over 6 months of usage,longer than 2 hours,6.233333333333333,5.5
162,5,4,2,5,5,5,5,1,5,2,5,5,4,5,4,4,4,4,1,1,2,4,1,2,5,4,4,5,5,4,4,1,1,4,5,4,4,2,4,3,5,4,3,4,5,A2HBGPU2IT5VCY,373528,male,45 - 54,native,office worker,over 6 months of usage,longer than 2 hours,3.033333333333333,2.7
163,4,5,1,4,3,5,4,4,5,3,4,4,2,4,4,2,4,5,2,2,2,2,2,2,4,1,3,4,5,4,5,2,3,5,4,2,4,2,4,4,5,4,1,3,4,A1SGTL6LGLW4DK,373528,female,35 - 44,native,office worker,over 6 months of usage,longer than 2 hours,7.033333333333333,2.2
177,5,5,2,5,5,5,5,4,5,2,4,4,4,4,5,3,4,4,3,3,4,4,4,4,4,3,5,5,5,4,5,1,3,4,4,4,4,1,4,4,4,4,2,4,4,A7CDJ6GAKVBT2,373528,female,35 - 44,native,office worker,over 6 months of usage,longer than 2 hours,10.833333333333334,9.783333333333331
179,4,4,1,5,4,4,4,2,4,4,3,3,4,4,4,3,4,5,2,3,3,3,3,3,4,3,4,4,4,4,4,2,4,5,4,3,4,2,4,4,4,4,3,3,4,AP3L0IUSVINQT,373528,male,25 - 34,native,independent,over 6 months of usage,longer than 2 hours,18.33333333333333,5.55
182,4,2,4,3,4,3,5,2,3,5,4,3,4,2,3,5,4,3,4,2,3,4,2,5,3,4,3,5,4,2,4,3,5,4,3,5,4,3,4,2,3,5,4,3,5,A38FOU17Y0WQ9,373528,male,25 - 34,fluent ,office worker,over 6 months of usage,about 1 - 2 hours,4.266666666666667,1.1833333333333331
184,4,3,4,3,4,3,4,3,4,3,4,3,4,3,4,3,4,5,4,3,5,4,3,4,3,4,3,4,5,4,5,3,3,4,3,5,4,3,4,5,4,5,4,5,5,A1BBZX44G3QSBR,373528,male,55 - 65,fluent ,office worker,over 6 months of usage,longer than 2 hours,11.5,7.3
185,4,5,3,4,4,3,4,3,4,3,4,3,4,3,4,3,5,4,3,4,3,4,3,4,3,4,5,4,5,4,5,3,5,4,4,5,4,3,4,5,4,5,4,4,5,APFZHPBI0NS3P,373528,female,25 - 34,fluent ,office worker,over 6 months of usage,longer than 2 hours,12.75,6.1
187,4,4,2,5,5,4,3,2,4,4,4,4,3,3,3,3,3,4,2,3,3,5,2,3,4,3,4,3,4,4,5,2,5,5,5,5,4,2,3,3,5,5,1,5,5,A1I91OUDL75HZR,373528,male,55 - 65,native,office worker,over 6 months of usage,longer than 2 hours,15.666666666666666,14.816666666666666
188,4,5,3,4,3,4,1,1,4,3,3,2,4,3,2,4,1,3,3,4,5,3,4,3,3,3,3,3,2,4,3,4,2,3,3,3,3,3,3,3,4,3,2,3,3,A3PPC1F3K1QSID,373528,male,25 - 34,native,student,over 6 months of usage,about 1 - 2 hours,4.433333333333334,3.75
189,2,5,3,2,4,5,2,4,3,4,3,4,3,4,5,3,4,2,3,4,5,4,3,2,3,4,5,3,3,2,3,4,3,5,4,3,3,5,4,3,4,5,4,3,4,A1K6ZE1UVDPWH,373528,male,25 - 34,native,office worker,over 6 months of usage,about 1 - 2 hours,8.616666666666667,6.866666666666666
204,4,3,4,5,4,3,4,5,4,3,4,3,4,3,4,3,4,3,4,3,4,3,4,3,4,3,3,4,3,4,3,2,4,4,5,4,3,4,3,4,3,4,3,4,5,A36QQ5AJIX4Z5J,373528,female,25 - 34,native,office worker,over 6 months of usage,about 1 - 2 hours,7.466666666666667,6.583333333333333
208,5,5,1,5,5,5,5,1,5,1,5,5,5,5,5,1,5,5,3,4,3,3,3,3,5,5,4,5,5,3,5,1,5,5,5,5,5,1,5,5,5,5,1,4,4,A1J39RAV7TKEMF,373528,male,45 - 54,native,office worker,over 6 months of usage,longer than 2 hours,7.733333333333333,7.016666666666667
210,4,3,2,5,3,5,3,3,4,5,4,3,4,4,3,4,3,5,3,3,4,3,4,3,4,3,4,4,5,3,5,3,4,5,4,4,3,3,4,3,4,4,3,4,3,A3BMOVHOZDKX8T,373528,female,25 - 34,native,office worker,over 6 months of usage,longer than 2 hours,6.083333333333333,4.0
214,5,5,1,5,4,5,5,1,5,5,5,1,5,5,5,5,5,4,5,4,3,5,3,3,2,3,2,4,4,4,3,4,3,4,2,4,3,4,3,4,2,4,2,4,2,A2NQWW9Y3ZVGU0,373528,female,25 - 34,native,office worker,over 6 months of usage,longer than 2 hours,4.9,0.5333333333333333
223,4,3,4,5,4,5,4,5,4,3,4,5,4,5,4,5,4,5,3,4,3,4,3,3,4,3,5,4,5,4,5,3,5,4,4,5,4,3,4,5,5,4,3,5,5,A131OURGHR3KFX,373528,male,25 - 34,native,office worker,over 6 months of usage,longer than 2 hours,8.15,6.333333333333333
227,4,5,2,4,4,4,4,2,4,4,4,5,4,5,4,3,4,4,4,4,4,3,4,4,4,3,4,4,5,2,5,1,3,4,4,5,4,2,5,2,5,2,4,4,5,A3G4WDI30DSY08,373528,male,25 - 34,native,office worker,over 6 months of usage,longer than 2 hours,3.8333333333333335,2.9166666666666665
229,4,3,3,4,5,4,3,3,4,5,4,3,4,4,5,4,3,3,4,5,4,3,4,5,4,3,4,3,5,4,3,1,2,4,4,5,5,1,4,2,5,4,1,4,4,A1VSEDABJFNUVQ,373528,male,35 - 44,native,office worker,over 6 months of usage,about 1 - 2 hours,6.866666666666666,2.683333333333333
246,5,4,1,4,3,5,4,4,4,2,5,4,4,3,4,1,4,5,4,4,4,4,4,2,3,1,2,4,5,4,5,1,3,4,5,1,5,1,4,4,5,5,1,3,4,AUZP4FPD6UTNU,373528,female,45 - 54,native,office worker,over 6 months of usage,about 1 - 2 hours,3.25,2.2666666666666666
249,4,3,2,3,4,3,4,3,2,3,4,4,3,4,3,3,4,3,2,4,4,3,3,4,3,2,3,4,4,3,2,3,4,4,3,4,4,3,2,4,3,4,4,3,4,AZ5KAKZR0CVR,373528,female,35 - 44,native,office worker,over 6 months of usage,longer than 2 hours,6.733333333333333,0.7666666666666667
254,4,4,1,4,5,5,5,1,5,5,5,5,5,5,5,1,5,5,4,4,4,4,4,4,5,1,5,5,5,3,5,1,5,5,5,5,5,1,5,5,5,5,1,4,4,AGB6853RIDWJ8,373528,male,35 - 44,native,office worker,over 6 months of usage,longer than 2 hours,4.85,4.4
259,5,4,2,4,3,4,4,2,5,4,4,3,4,5,3,4,2,4,5,5,5,4,4,5,5,3,4,5,4,4,5,2,4,4,5,2,5,1,5,5,5,5,1,4,4,A2NKHI236BQHXG,373528,female,18 - 24,native,office worker,over 6 months of usage,longer than 2 hours,14.883333333333333,8.3
266,4,5,2,4,3,5,4,2,4,4,5,4,4,5,4,4,5,4,5,4,5,4,5,4,5,2,4,5,4,4,5,1,4,4,5,4,4,2,4,5,4,4,1,4,5,A3B2YRSMSC2J3T,373528,female,55 - 65,native,office worker,over 6 months of usage,about 1 - 2 hours,5.5,4.516666666666667
270,5,4,1,4,4,5,3,1,4,4,3,4,4,4,3,1,4,3,2,3,4,4,4,4,5,1,3,4,5,4,4,1,4,3,4,4,5,1,5,3,4,3,3,3,5,A31IKUBYSJCS70,373528,female,25 - 34,native,office worker,over 6 months of usage,about 1 - 2 hours,6.066666666666666,5.4
277,4,5,2,4,4,4,5,2,4,4,3,2,4,3,5,2,4,4,5,3,4,4,4,4,5,2,4,4,5,3,4,2,4,4,5,4,3,3,3,3,4,4,3,3,4,A247L6RIYT1J8X,373528,male,35 - 44,native,office worker,over 6 months of usage,less than 1 hour,6.933333333333334,5.0
282,4,5,1,4,5,4,5,4,5,2,2,3,4,3,4,1,4,5,4,4,4,4,4,4,4,1,2,4,5,4,4,1,3,4,5,1,4,2,4,4,5,5,1,3,4,AN7Z42U38BCQT,373528,female,35 - 44,native,office worker,over 6 months of usage,longer than 2 hours,3.6166666666666663,1.6333333333333333
286,4,4,3,4,3,3,4,3,3,4,3,4,3,3,4,3,3,3,3,3,4,3,4,3,4,3,4,3,4,3,4,3,4,3,4,3,4,3,3,4,3,4,4,3,3,A1MT4FMXL4WRAF,373528,female,35 - 44,native,office worker,over 6 months of usage,longer than 2 hours,3.783333333333333,0.8
289,5,5,1,5,5,5,5,1,5,5,5,5,5,5,5,1,3,5,4,4,4,4,4,4,5,1,5,5,5,1,5,1,5,5,5,5,5,1,5,5,5,5,1,4,4,A2OT9ZJC4MQBS8,373528,female,25 - 34,native,office worker,over 6 months of usage,longer than 2 hours,4.366666666666666,3.2333333333333334
290,4,5,3,5,4,5,4,3,4,3,4,5,4,5,4,5,4,5,3,4,5,4,3,4,5,4,5,4,5,5,5,3,5,4,5,4,5,3,5,5,4,5,3,5,4,APFZHPBI0NS3P,373528,female,25 - 34,native,office worker,over 6 months of usage,longer than 2 hours,25.03333333333333,16.233333333333334
291,4,5,2,5,4,5,4,2,4,2,5,4,4,5,4,3,4,5,4,4,4,4,4,5,2,2,4,4,5,2,4,2,4,4,4,5,4,2,4,2,4,4,2,4,5,A2MRBSKMOQ40FA,373528,male,25 - 34,native,office worker,over 6 months of usage,longer than 2 hours,8.133333333333333,6.316666666666666
293,5,4,2,5,4,5,5,2,5,3,5,3,5,4,5,4,5,4,2,2,2,2,5,4,5,4,5,4,5,3,5,2,4,5,4,5,4,1,5,4,3,5,2,4,4,A11MOA9HW11EP1,373528,female,25 - 34,native,office worker,over 6 months of usage,longer than 2 hours,5.616666666666666,4.4
299,5,4,2,5,4,5,4,2,4,4,5,4,4,5,4,5,4,4,2,3,2,3,3,4,4,2,4,4,3,2,4,3,4,5,3,4,5,2,5,4,4,5,2,4,5,A1WFT3R61HPGR2,373528,female,25 - 34,native,office worker,over 6 months of usage,about 1 - 2 hours,4.816666666666666,4.283333333333333
303,4,5,2,4,3,4,3,1,3,4,4,5,4,4,3,3,4,5,4,4,3,4,4,3,4,4,4,3,5,5,5,1,4,4,5,5,5,1,5,5,4,5,1,3,5,A72YC75DZ8OLE,373528,male,45 - 54,native,office worker,over 6 months of usage,longer than 2 hours,11.866666666666667,9.683333333333334
304,4,4,1,4,4,4,5,1,4,4,5,4,5,5,4,3,5,5,4,5,5,4,4,4,5,1,5,4,4,5,5,1,4,4,5,5,5,1,5,5,5,4,1,2,4,A3VCTHO95DZWAQ,373528,female,25 - 34,native,office worker,over 6 months of usage,longer than 2 hours,5.166666666666667,3.3833333333333333
311,3,3,4,4,5,5,4,4,4,3,4,3,4,4,4,4,3,4,4,3,4,3,4,4,3,3,4,4,3,4,4,3,4,3,4,4,4,3,4,3,4,4,3,4,4,A3IQNDYI8O19RM,373528,female,25 - 34,native,office worker,over 6 months of usage,longer than 2 hours,4.55,3.1333333333333333
312,4,3,2,3,4,3,2,3,4,3,2,3,4,3,2,3,4,3,2,3,4,3,2,3,4,4,3,3,2,3,4,3,2,3,4,3,3,2,3,4,3,4,3,2,3,A2MJQG58XN41OW,373528,male,25 - 34,native,office worker,over 6 months of usage,about 1 - 2 hours,3.3666666666666667,1.4
313,4,4,3,4,4,4,4,2,5,4,5,4,4,5,4,4,4,5,3,3,3,3,3,3,4,3,5,4,4,3,4,1,4,5,4,5,4,1,4,5,4,5,3,4,5,A131OURGHR3KFX,373528,male,25 - 34,native,office worker,over 6 months of usage,longer than 2 hours,18.2,16.55
318,4,3,3,3,1,3,2,4,5,5,3,4,2,5,5,3,5,1,3,4,2,2,4,2,2,5,2,4,4,4,4,3,3,4,3,3,3,2,2,3,3,2,3,3,2,A2SSXNB0N4H0EW,373528,male,35 - 44,native,student,over 6 months of usage,longer than 2 hours,3.8,2.75
320,4,5,1,4,5,5,5,1,5,5,5,5,5,5,4,2,4,4,5,5,5,5,5,5,5,1,5,5,5,4,4,1,5,5,5,5,5,1,5,4,5,5,1,5,5,A9YLHTGXPX8HN,373528,female,25 - 34,native,office worker,over 6 months of usage,longer than 2 hours,3.0,2.3
334,3,4,3,4,5,4,4,2,4,4,4,5,4,4,3,4,4,3,3,3,3,3,3,4,4,3,4,4,5,2,3,2,3,4,3,4,5,2,5,2,4,4,2,3,4,A2BWF3F9ZHVMJR,373528,female,25 - 34,native,office worker,over 6 months of usage,about 1 - 2 hours,3.45,2.966666666666667
339,4,4,3,4,4,5,4,2,4,4,4,2,4,4,3,3,4,4,4,4,3,3,4,4,4,2,4,4,5,4,5,2,3,4,4,4,5,1,4,4,5,4,2,3,5,A3SC8IBRLEFRUP,373528,male,45 - 54,native,office worker,over 6 months of usage,longer than 2 hours,22.883333333333333,11.15
341,4,3,5,4,3,5,4,3,4,3,5,4,3,5,4,3,5,5,4,5,3,4,3,5,4,3,4,5,5,4,5,3,4,4,3,5,4,5,3,4,5,3,4,5,4,A1NPD0F3HKCOBF,373528,male,45 - 54,native,office worker,over 6 months of usage,about 1 - 2 hours,10.333333333333334,8.216666666666667
343,4,5,1,4,4,5,3,2,4,4,3,3,4,5,5,4,2,4,2,4,5,5,1,4,5,1,5,4,5,5,5,1,4,5,4,4,5,1,4,4,5,5,1,4,5,A2XK67AAR9ZU63,373528,female,25 - 34,native,office worker,over 6 months of usage,longer than 2 hours,13.866666666666667,7.866666666666666
353,4,4,2,5,4,3,4,4,3,2,4,4,4,3,4,2,4,4,4,3,2,2,2,4,5,2,4,4,3,4,4,3,4,4,5,4,4,2,5,3,4,4,2,4,4,A2I6HVUDBTGD1,373528,female,35 - 44,native,office worker,over 6 months of usage,about 1 - 2 hours,3.85,2.9
361,4,3,5,4,4,5,3,4,4,5,3,4,3,5,4,5,3,4,3,5,4,5,4,4,5,3,4,3,5,4,5,3,4,4,5,4,4,3,5,3,4,3,5,4,5,A3C8E7YVLNEQKA,373528,male,25 - 34,native,office worker,over 6 months of usage,about 1 - 2 hours,6.483333333333333,1.8
364,4,5,2,4,4,5,4,2,5,3,4,4,5,4,5,3,2,5,4,5,4,5,4,5,4,5,4,4,4,3,5,1,4,5,4,5,4,2,4,3,5,4,1,5,4,AKU2ZIEPST9Z9,373528,male,25 - 34,native,office worker,over 6 months of usage,longer than 2 hours,24.966666666666665,21.8
371,4,5,2,4,4,4,5,2,4,3,4,4,5,4,4,4,4,5,2,3,3,3,4,4,4,5,4,4,4,2,4,2,3,4,4,4,5,2,5,3,4,3,4,4,5,AO7O27SQ4O6YH,373528,male,25 - 34,native,office worker,over 6 months of usage,about 1 - 2 hours,3.283333333333333,2.5166666666666666
375,5,3,2,4,4,5,3,4,4,3,4,5,3,4,5,4,5,3,4,5,5,4,5,3,4,4,3,4,5,4,4,1,4,5,3,4,5,1,4,5,3,4,2,4,3,A11MVD34RTPNBN,373528,female,35 - 44,native,office worker,over 6 months of usage,about 1 - 2 hours,4.583333333333333,3.75
376,4,4,2,4,4,4,4,1,5,4,4,5,4,5,4,3,5,4,3,3,3,3,3,3,4,3,5,4,4,3,4,1,4,4,4,4,5,1,4,5,5,4,3,4,5,A2NZLZLLAZYXJX,373528,male,35 - 44,native,office worker,over 6 months of usage,longer than 2 hours,13.833333333333334,12.816666666666666
377,5,4,2,5,4,5,4,2,5,4,5,4,5,4,5,4,4,5,4,5,4,5,4,5,5,3,5,4,5,4,5,2,4,5,4,5,4,2,5,4,5,4,2,4,5,AL1GOCVKQNC9G,373528,female,25 - 34,native,office worker,over 6 months of usage,about 1 - 2 hours,7.883333333333334,7.3
378,5,3,2,5,3,5,4,3,5,4,3,4,5,4,4,5,3,4,5,4,3,4,3,4,5,3,3,4,5,2,4,1,3,4,5,4,5,1,4,3,4,5,2,4,4,A3PAWDULKV2CYK,373528,female,25 - 34,native,office worker,over 6 months of usage,longer than 2 hours,5.85,2.6333333333333333
379,5,4,2,5,4,2,4,1,4,5,3,4,2,5,3,3,4,5,1,3,2,5,4,2,5,3,4,2,5,3,4,1,3,5,3,5,4,2,3,4,5,3,4,5,4,A3MVJWU76CPD7Q,373528,female,25 - 34,fluent ,office worker,over 6 months of usage,about 1 - 2 hours,4.766666666666667,3.966666666666667
382,4,4,2,5,1,2,1,3,2,4,5,4,3,2,1,4,5,1,3,5,2,3,5,2,5,2,5,3,5,2,3,4,2,5,4,3,2,4,5,5,5,1,2,5,5,A207NB4FM5LRMM,373528,male,25 - 34,native,office worker,over 6 months of usage,about 1 - 2 hours,15.366666666666667,0.9833333333333332
399,4,3,2,3,1,4,3,3,4,4,2,3,3,2,4,3,4,3,4,4,4,4,4,4,4,2,4,3,4,5,4,1,4,3,5,2,3,3,3,3,4,3,2,4,2,A2EH7IQCDH2Q5D,373528,female,25 - 34,native,office worker,over 6 months of usage,longer than 2 hours,11.966666666666669,3.283333333333333
401,4,3,4,4,1,4,2,4,4,5,1,2,2,2,3,4,2,4,4,2,2,2,1,3,3,1,2,3,3,3,4,2,3,4,4,2,2,4,2,2,3,3,3,1,2,A2KOECHP94T0TI,373528,female,25 - 34,native,office worker,over 6 months of usage,less than 1 hour,4.133333333333334,1.7
407,5,2,4,5,4,5,3,4,5,4,3,2,4,4,2,4,2,4,5,5,5,4,4,4,3,1,3,2,4,5,5,1,4,3,4,1,4,1,4,3,4,4,1,4,5,A278Q2BHCINITH,373528,female,45 - 54,native,office worker,over 6 months of usage,longer than 2 hours,3.566666666666667,2.7
410,5,4,1,3,3,5,5,2,4,5,3,4,2,4,4,5,2,4,2,2,4,3,4,2,5,1,2,3,3,5,5,1,5,4,5,1,5,1,5,3,5,5,1,4,5,A1VJ4ZOXP9PUCP,373528,female,25 - 34,native,office worker,over 6 months of usage,longer than 2 hours,9.05,2.55
416,4,3,4,5,4,4,3,4,3,3,4,5,4,5,4,3,4,4,3,4,5,4,5,4,4,3,5,4,4,5,4,5,4,5,3,4,5,3,4,4,3,3,2,3,4,A28LVKN22K756,373528,female,35 - 44,native,office worker,over 6 months of usage,about 1 - 2 hours,5.533333333333333,4.266666666666667
418,5,3,4,5,4,3,4,5,3,4,5,5,4,5,3,4,5,3,4,5,3,4,4,5,4,3,4,5,4,5,4,1,4,5,3,4,5,1,4,3,4,5,1,4,5,A1W2NQGU17HAO9,373528,male,25 - 34,native,office worker,over 6 months of usage,longer than 2 hours,11.0,10.45
423,5,5,1,5,5,5,4,4,5,2,4,4,5,5,2,1,2,3,5,5,5,5,5,5,5,1,5,5,5,5,5,1,5,5,5,4,5,1,5,5,5,5,1,5,5,AK1Q45RF8A87Z,373528,female,55 - 65,native,office worker,over 6 months of usage,longer than 2 hours,6.583333333333333,5.916666666666667
436,4,5,2,4,5,4,4,2,4,3,5,4,4,5,4,3,4,5,4,4,4,4,4,4,5,4,5,4,5,4,5,2,5,4,5,4,5,2,5,4,5,4,2,4,5,A2QHI85LQPJZYP,373528,female,25 - 34,native,office worker,over 6 months of usage,longer than 2 hours,6.95,5.75
437,3,5,2,4,2,5,3,4,2,5,4,3,5,3,4,2,4,1,2,3,2,5,1,3,2,1,2,2,5,3,4,1,3,2,4,3,1,4,2,5,4,2,3,1,2,A2F2U0HXZD0AEN,373528,male,25 - 34,native,office worker,over 6 months of usage,about 1 - 2 hours,16.55,4.55
440,2,2,4,2,3,2,2,4,4,5,2,2,2,2,2,2,4,4,3,3,3,4,3,3,3,2,3,4,3,2,3,2,4,3,4,1,2,3,3,2,3,1,3,2,1,A3ATU3VULAB7K2,373528,male,25 - 34,native,office worker,over 6 months of usage,less than 30 mins,4.916666666666667,3.966666666666667
448,5,2,4,1,2,5,2,5,4,5,2,4,1,2,5,4,2,5,5,5,4,4,2,2,4,1,1,1,2,5,4,1,4,4,2,1,3,3,2,1,3,3,3,2,2,A3BLJ6QSDTZC9U,373528,female,35 - 44,native,office worker,over 6 months of usage,longer than 2 hours,4.683333333333334,3.8666666666666663
457,4,4,2,4,4,4,5,1,4,4,4,3,4,4,3,3,4,5,4,4,4,3,4,4,4,2,4,4,4,2,4,1,3,4,4,4,4,2,4,4,4,4,3,3,4,AAVFHZA708CSP,373528,female,45 - 54,native,office worker,over 6 months of usage,longer than 2 hours,4.616666666666666,3.3833333333333333
467,4,4,2,5,1,2,1,3,2,4,5,4,3,2,1,4,5,1,3,5,2,3,5,2,5,2,5,3,5,2,3,4,2,5,4,3,2,4,5,5,5,1,2,5,5,A207NB4FM5LRMM,373528,male,25 - 34,native,office worker,over 6 months of usage,about 1 - 2 hours,15.366666666666667,0.9833333333333332
469,4,4,2,3,4,5,4,3,4,3,4,5,4,5,4,4,3,4,5,3,4,5,4,3,4,5,4,3,4,2,4,3,5,4,5,4,5,3,5,4,5,4,3,4,4,A2LU1GLL7LBTQ,373528,female,45 - 54,native,office worker,over 6 months of usage,less than 30 mins,14.133333333333333,1.4833333333333334
471,4,3,3,4,4,3,4,3,4,3,4,3,4,3,4,4,3,4,3,4,3,4,4,3,4,4,4,3,4,3,4,3,4,4,3,4,4,3,3,4,4,3,4,3,4,A1H4GM320YU612,373528,female,25 - 34,native,independent,over 6 months of usage,about 1 - 2 hours,15.983333333333333,1.15
474,4,5,1,4,4,4,4,1,4,4,3,3,3,4,4,4,4,4,4,4,4,5,4,4,4,2,4,4,4,2,3,2,3,4,4,3,3,2,3,3,3,3,3,2,4,A2YLTA4QNKYSRY,373528,male,18 - 24,native,office worker,over 6 months of usage,less than 1 hour,4.25,3.0
487,4,4,2,4,4,4,4,2,4,4,4,4,3,4,4,4,3,4,3,4,4,4,3,4,4,3,4,4,3,4,4,3,4,4,3,3,4,3,5,4,4,3,4,4,3,A1FG2G0J8M9Q0N,373528,female,55 - 65,native,office worker,over 6 months of usage,longer than 2 hours,11.183333333333334,9.383333333333333
491,4,4,2,4,4,4,4,4,4,3,4,4,4,4,4,2,2,4,4,4,4,4,4,4,4,2,4,4,4,4,4,2,4,4,4,4,4,2,4,4,4,4,2,2,4,A3UA50A6GKNAMR,373528,female,35 - 44,native,office worker,over 6 months of usage,about 1 - 2 hours,9.5,5.083333333333333
493,5,4,3,3,4,4,4,2,4,3,4,4,4,3,4,4,2,3,4,2,2,2,3,3,5,4,4,3,5,3,4,1,4,4,3,4,5,1,4,2,4,3,2,3,4,A1NQ2A0UDW719R,373528,female,35 - 44,native,office worker,over 6 months of usage,about 1 - 2 hours,5.766666666666667,3.0
494,4,5,1,4,5,5,4,2,4,5,4,3,4,5,4,5,4,5,2,1,2,3,2,1,5,3,4,5,4,2,4,1,4,3,5,4,5,1,5,4,5,4,2,4,5,A2D9FH73C1F1LW,373528,female,25 - 34,native,office worker,over 6 months of usage,longer than 2 hours,4.583333333333333,4.166666666666667
500,3,4,2,4,4,3,4,3,3,4,4,2,4,3,4,3,5,4,4,2,3,4,4,2,4,3,4,4,5,2,4,4,3,4,3,4,5,3,4,3,5,4,3,4,3,A28SYZZ605REKY,373528,male,18 - 24,native,office worker,over 6 months of usage,longer than 2 hours,6.85,6.116666666666666
501,5,3,2,5,4,2,4,3,5,3,5,4,3,5,4,4,2,4,5,4,3,5,3,4,2,4,4,3,5,4,5,3,4,4,3,5,4,5,3,5,4,4,3,4,5,A2STRYBSFU7KCY,373528,female,35 - 44,native,office worker,over 6 months of usage,longer than 2 hours,3.716666666666667,3.216666666666667
502,4,4,1,4,4,4,4,1,4,1,1,4,4,4,4,1,4,4,3,3,3,3,3,3,4,1,4,4,4,2,4,2,4,4,4,4,4,1,4,4,4,4,4,4,4,A1OAZCVZRC00F0,373528,female,25 - 34,native,office worker,over 6 months of usage,longer than 2 hours,3.083333333333333,2.75
523,4,5,1,4,5,5,4,2,4,4,5,4,5,4,5,3,5,4,5,3,4,4,3,4,5,1,5,4,5,4,5,1,4,2,5,4,5,1,5,1,5,4,2,5,5,A1W2NQGU17HAO9,373528,male,25 - 34,native,office worker,over 6 months of usage,longer than 2 hours,16.966666666666665,12.1
528,5,5,1,5,5,5,5,5,5,1,4,3,4,4,5,1,3,5,3,3,3,3,3,3,5,2,4,5,5,3,5,1,4,5,5,5,5,1,5,5,5,5,1,5,5,A2L54AX32N0H0O,373528,female,18 - 24,native,student,over 6 months of usage,about 1 - 2 hours,4.383333333333334,2.716666666666667
530,4,4,2,4,2,4,2,4,2,4,2,2,1,2,2,2,1,4,4,4,4,5,4,4,2,4,1,1,2,2,4,2,4,2,4,4,2,4,2,2,4,2,2,1,2,A1AFCTV7V6P728,373528,female,35 - 44,native,independent,over 6 months of usage,less than 30 mins,4.233333333333333,3.0166666666666666
548,4,5,2,5,2,5,5,2,5,4,3,4,4,2,4,2,2,4,2,2,4,5,4,4,4,1,4,5,5,5,5,1,4,4,4,4,4,1,4,4,5,5,1,5,5,A2W3KKNN3CAY66,373528,female,35 - 44,native,office worker,over 6 months of usage,longer than 2 hours,4.016666666666667,3.066666666666667
549,5,4,3,4,5,4,3,5,4,5,4,3,4,5,4,5,4,5,3,5,4,3,4,5,4,3,4,3,4,5,3,4,5,5,4,4,3,5,4,5,3,4,3,4,5,ALVDC8JPRXPF9,373528,female,18 - 24,native,office worker,over 6 months of usage,less than 1 hour,15.833333333333334,14.683333333333334
550,5,4,3,4,4,5,3,4,3,5,4,4,5,4,5,4,3,4,5,4,5,4,3,5,4,5,4,3,4,3,4,1,3,4,5,4,3,2,4,3,4,3,2,4,5,AX74C4S7OTGGI,373528,male,25 - 34,native,office worker,over 6 months of usage,longer than 2 hours,4.15,3.6
556,4,4,1,5,1,5,3,5,5,4,2,3,4,5,5,4,5,4,2,2,4,4,3,2,4,1,4,4,5,1,5,1,4,5,4,2,4,2,4,3,5,5,1,5,3,A3FAF93BMDJLAL,373528,male,18 - 24,native,office worker,over 6 months of usage,longer than 2 hours,23.666666666666668,1.3166666666666669
565,4,4,1,5,4,5,5,2,5,4,5,4,4,5,5,4,5,4,5,5,5,5,5,5,5,1,4,5,4,5,5,1,5,5,5,3,5,1,4,4,5,5,1,5,4,AC5PVOOS79W2B,373528,male,35 - 44,native,office worker,over 6 months of usage,longer than 2 hours,3.316666666666667,2.7666666666666666
569,4,4,3,4,4,4,3,3,4,4,3,3,4,3,4,4,4,5,3,4,4,4,3,4,3,4,4,4,5,3,4,2,4,4,4,5,4,3,4,4,4,4,3,4,4,A1Y2W25NF6T431,373528,female,35 - 44,fluent ,office worker,over 6 months of usage,about 1 - 2 hours,18.4,17.866666666666667
572,4,5,3,5,3,4,3,2,3,3,4,2,4,3,4,2,3,4,3,4,3,3,3,2,5,4,5,4,3,2,5,2,4,4,4,3,4,2,5,4,5,4,1,3,3,A2LPP288NK76W4,373528,male,18 - 24,native,office worker,over 6 months of usage,longer than 2 hours,3.5166666666666666,1.45
573,5,4,2,4,5,4,4,2,5,2,4,5,4,5,2,1,4,5,1,1,1,1,1,1,5,2,5,4,5,4,5,1,4,5,4,4,5,1,5,4,5,4,5,4,5,A11EXIB1MVBZFJ,373528,male,45 - 54,native,office worker,over 6 months of usage,longer than 2 hours,5.55,4.133333333333334
576,5,4,3,4,2,4,5,2,4,3,4,2,4,3,4,2,4,3,4,4,3,4,3,4,3,4,3,4,5,3,4,2,2,5,4,3,4,1,5,4,4,4,5,4,4,A2404K01AK5XDB,373528,female,35 - 44,native,office worker,over 6 months of usage,longer than 2 hours,4.45,3.733333333333333
577,4,4,2,4,3,4,4,2,4,3,2,4,2,2,4,3,4,4,3,3,3,3,3,3,4,2,2,4,4,2,4,2,4,4,5,3,4,2,4,4,4,4,4,3,3,AKNYT1NTK2UFK,373528,female,35 - 44,native,office worker,over 6 months of usage,less than 1 hour,5.883333333333334,3.2
588,4,5,2,5,4,5,4,4,5,2,5,4,4,5,4,2,4,5,1,1,1,1,1,1,4,2,5,4,5,4,5,2,4,4,5,4,4,1,5,4,5,4,2,4,5,A16RQOYHSTI2RJ,373528,male,18 - 24,native,office worker,over 6 months of usage,longer than 2 hours,3.716666666666667,2.7666666666666666
606,5,5,2,4,3,5,4,2,5,3,3,4,4,3,5,3,4,3,4,4,5,4,4,4,3,2,4,4,5,3,4,1,3,5,4,1,3,3,4,4,5,4,4,3,4,A3226S0VS9OEKO,373528,female,55 - 65,native,office worker,over 6 months of usage,longer than 2 hours,17.3,5.6
608,5,3,4,5,4,5,3,2,4,3,5,3,5,4,3,5,4,5,3,4,3,5,4,5,3,5,3,4,5,3,5,4,3,5,4,5,4,2,4,3,4,2,3,4,5,A3LNJ12VR8U4HJ,373528,male,25 - 34,fluent ,office worker,over 6 months of usage,less than 1 hour,5.933333333333334,3.2666666666666666
610,4,3,4,3,4,3,4,4,3,4,2,4,4,3,4,2,3,4,3,2,3,4,3,2,3,4,2,3,2,3,2,3,3,2,4,3,4,2,4,2,4,3,4,3,4,A33RJ909L4KEM9,373528,female,35 - 44,native,other,over 6 months of usage,longer than 2 hours,6.766666666666667,5.633333333333334
614,4,4,2,4,3,4,4,2,4,4,4,4,4,4,4,4,4,4,4,4,4,4,4,4,4,3,3,4,5,4,4,2,2,4,4,4,4,2,4,2,4,4,2,3,5,A33F04W4EVT4GK,373528,male,25 - 34,native,office worker,over 6 months of usage,longer than 2 hours,3.1166666666666667,2.2333333333333334
616,4,5,3,4,4,5,4,2,4,5,3,4,4,5,3,4,3,4,4,5,4,4,5,3,3,4,5,4,4,3,5,2,4,4,5,4,3,2,4,4,5,4,2,3,4,AGJC17U0NL98Q,373528,male,55 - 65,native,office worker,over 6 months of usage,longer than 2 hours,7.116666666666666,3.983333333333333
617,4,5,2,3,5,4,3,3,5,5,4,2,3,5,3,3,4,4,2,5,5,4,3,5,5,1,3,4,4,5,5,2,3,5,5,3,4,3,5,5,2,3,3,5,5,AY7LRW5Q88WL7,373528,male,25 - 34,native,office worker,over 6 months of usage,longer than 2 hours,4.15,3.6666666666666665
621,4,3,5,4,3,5,4,3,4,3,5,4,3,4,4,2,4,3,3,2,5,4,3,5,4,4,5,4,5,4,3,2,3,5,5,5,4,1,5,4,5,4,2,4,4,ANZFZE8MIJKU8,373528,male,55 - 65,fluent ,office worker,over 6 months of usage,about 1 - 2 hours,4.25,2.033333333333333
9,4,2,1,5,3,4,3,4,3,2,1,2,1,2,3,1,3,4,3,2,5,5,4,4,5,1,2,2,4,1,4,1,3,2,5,1,2,4,2,2,3,3,3,1,4,A2UGM73EHLK6XI,373528,male,25 - 34,native,independent,over 6 months of usage,about 1 - 2 hours,3.95,3.3833333333333333
73,4,4,4,4,4,4,4,2,4,3,4,4,4,4,4,2,4,4,4,4,4,4,4,4,4,3,4,4,4,4,4,2,4,4,4,4,4,2,4,4,4,4,2,4,4,A151XA53WYXVD7,373528,male,35 - 44,native,office worker,over 6 months of usage,longer than 2 hours,7.533333333333333,6.133333333333334
128,4,4,4,5,4,4,4,3,4,3,3,4,3,4,3,3,3,3,4,4,4,3,4,4,3,3,3,3,5,4,3,1,4,4,4,4,4,1,5,4,5,3,4,5,5,A3JGB3OMTOWR6I,373528,male,25 - 34,native,office worker,over 6 months of usage,about 1 - 2 hours,4.4,3.6166666666666663
157,5,2,2,4,4,4,3,5,4,3,5,2,3,4,2,3,3,4,1,2,2,2,3,4,3,5,4,3,4,4,5,3,4,4,5,4,4,2,4,2,5,4,2,3,3,A2MV1R6YYOIO30,373528,male,35 - 44,native,office worker,over 6 months of usage,about 1 - 2 hours,5.616666666666666,5.05
198,5,4,4,3,1,2,1,3,4,3,4,3,3,4,4,3,4,3,4,3,4,3,4,3,4,2,4,3,4,3,4,3,4,3,4,4,3,2,4,4,3,4,3,3,3,A2HBP3TEE27F2J,373528,male,45 - 54,native,office worker,over 6 months of usage,longer than 2 hours,14.25,13.1
274,4,5,4,1,3,4,5,1,3,2,4,3,3,4,5,2,4,5,5,4,5,4,5,5,3,2,4,4,5,3,5,1,4,5,5,4,4,1,4,3,4,4,1,4,3,A349GKM2SNSQ6S,373528,female,25 - 34,native,office worker,over 6 months of usage,about 1 - 2 hours,6.833333333333333,5.133333333333334
363,4,5,4,4,3,4,4,2,3,4,4,3,4,5,2,3,4,3,2,2,3,2,3,4,3,3,4,4,5,3,4,2,3,4,3,4,5,1,4,1,5,4,1,3,4,A3DOCCXZGMLXGQ,373528,female,25 - 34,native,office worker,over 6 months of usage,longer than 2 hours,5.016666666666667,2.183333333333333
508,4,2,2,4,4,4,5,2,4,2,3,4,3,5,4,2,3,3,4,4,4,4,4,4,4,2,4,2,3,4,5,1,4,4,4,2,4,1,4,4,4,4,2,4,5,A222GZB608T1B8,373528,female,18 - 24,fluent ,office worker,over 6 months of usage,longer than 2 hours,5.966666666666667,5.0
578,4,5,4,4,3,5,3,2,4,3,4,4,5,4,3,3,4,5,4,3,3,4,4,3,3,5,4,4,5,4,3,2,4,3,3,2,4,3,4,3,5,4,2,4,5,A3EYXR4HIZ4YL6,373528,female,55 - 65,native,office worker,over 6 months of usage,longer than 2 hours,3.5,2.8666666666666667
589,5,4,5,3,4,5,4,2,4,1,4,4,5,3,2,4,5,3,2,5,4,3,1,3,2,4,5,5,3,2,4,3,5,4,2,4,2,5,4,5,3,2,4,5,3,A1X6LOX9VUHYS,373528,male,25 - 34,native,office worker,over 6 months of usage,longer than 2 hours,16.366666666666667,15.966666666666669
4,2,4,3,4,3,4,4,3,4,3,4,4,4,3,4,3,4,3,4,3,4,4,4,4,4,4,4,4,4,3,4,3,4,4,5,5,5,1,5,3,4,4,4,5,4,A2TC7B46WQ695O,373528,female,35 - 44,native,office worker,over 6 months of usage,longer than 2 hours,7.666666666666667,4.466666666666667
15,4,5,1,3,4,4,3,4,4,4,5,4,4,3,4,4,3,4,5,4,4,3,3,4,4,5,4,3,3,2,4,2,5,3,4,3,5,1,5,1,4,5,2,4,4,A20OEK6BVW13NV,373528,female,35 - 44,native,independent,over 6 months of usage,less than 1 hour,3.733333333333333,1.3833333333333333
16,4,5,1,4,3,5,4,2,4,4,4,4,4,4,4,2,4,5,4,5,4,4,4,4,4,2,5,5,4,4,5,4,4,4,4,4,4,2,4,4,4,4,2,4,4,AXPZAP62ZYWP8,373528,male,25 - 34,native,office worker,over 6 months of usage,longer than 2 hours,3.3833333333333333,2.333333333333333
22,5,5,1,5,5,5,5,1,5,5,5,5,5,5,5,1,5,5,1,1,1,1,1,1,5,5,5,5,5,1,5,1,5,5,5,5,5,1,5,5,5,5,1,5,5,A2I5G9ES6TS73M,373528,male,25 - 34,native,office worker,over 6 months of usage,longer than 2 hours,4.6,2.35
23,4,3,4,4,3,5,4,2,3,4,4,3,2,4,4,3,4,5,4,2,3,4,4,5,3,2,4,4,5,5,4,4,3,2,4,4,5,4,2,4,5,4,3,2,4,A1HUQ7QA5QWM5Q,373528,female,35 - 44,native,office worker,over 6 months of usage,longer than 2 hours,14.35,13.616666666666667
28,4,5,2,4,5,5,4,2,4,5,5,4,5,4,4,2,2,1,4,5,4,4,5,4,5,2,5,4,5,5,4,4,5,4,5,5,4,1,5,2,4,5,2,4,5,A2ZL5GAZK6S0H1,373528,male,25 - 34,native,office worker,over 6 months of usage,longer than 2 hours,4.816666666666666,4.166666666666667
33,4,2,3,4,3,2,3,4,4,3,2,3,3,4,2,4,3,4,3,2,4,3,2,3,4,3,4,3,2,3,4,4,2,3,4,4,4,3,2,3,4,5,4,3,4,A8NKU6KM5VJKK,373528,male,35 - 44,native,office worker,over 6 months of usage,about 1 - 2 hours,12.416666666666666,1.35
41,5,5,1,5,5,5,5,1,5,5,5,5,5,5,5,1,5,5,1,1,1,1,1,1,5,5,5,5,5,1,5,1,5,5,5,5,5,1,5,5,5,5,1,5,5,A32S6OJJ7ORT6D,373528,female,25 - 34,native,office worker,over 6 months of usage,longer than 2 hours,3.9,2.966666666666667
51,5,4,2,5,4,4,5,3,5,5,4,1,3,4,4,5,4,5,5,5,4,5,1,4,5,5,4,1,4,1,4,2,4,5,4,5,5,1,5,5,2,3,1,4,5,AHFD9YY3HJG3B,373528,female,35 - 44,native,independent,over 6 months of usage,longer than 2 hours,3.783333333333333,1.6166666666666667
53,4,3,1,5,4,5,4,5,4,5,5,2,4,5,4,5,4,3,1,2,3,4,5,4,5,3,4,5,4,2,4,1,3,4,5,3,5,1,4,3,5,4,2,4,4,A2D9FH73C1F1LW,373528,female,25 - 34,native,office worker,over 6 months of usage,about 1 - 2 hours,4.166666666666667,3.7
64,5,5,1,5,5,5,5,5,5,4,5,5,5,5,5,4,5,5,2,4,5,5,2,5,5,1,5,5,5,4,5,1,5,5,5,5,5,1,5,5,5,5,1,5,5,AV7UX8QQXABSK,373528,male,25 - 34,native,office worker,over 6 months of usage,longer than 2 hours,3.7,3.15
90,4,4,1,3,4,4,4,2,4,4,3,3,4,4,4,3,4,4,4,4,3,4,4,3,4,4,4,3,4,2,4,2,3,4,4,4,4,1,4,3,4,4,2,4,4,A3BN69Q9D7RQGR,373528,male,25 - 34,native,office worker,over 6 months of usage,about 1 - 2 hours,3.3833333333333333,2.333333333333333
91,5,4,2,5,2,4,4,2,5,5,4,5,4,4,5,4,5,4,4,4,5,4,4,4,5,4,5,4,5,2,5,2,4,5,4,5,4,1,5,3,5,4,2,2,5,A3QSSPYCKPOVFA,373528,female,35 - 44,native,office worker,over 6 months of usage,longer than 2 hours,5.55,3.433333333333333
94,4,5,2,4,5,4,4,2,4,5,4,4,5,4,5,3,4,4,5,4,4,5,4,4,5,4,5,4,5,4,5,2,4,5,4,4,4,2,5,4,4,4,2,4,5,A1W7T8V97ZPUH0,373528,female,35 - 44,native,office worker,over 6 months of usage,about 1 - 2 hours,8.466666666666667,6.433333333333334
98,5,5,1,5,3,5,5,5,5,5,1,1,3,2,3,1,4,5,3,3,3,5,2,3,5,1,2,2,5,5,5,1,5,5,5,1,3,3,3,3,4,4,3,1,4,A5NE8TWS8ZV7B,373528,female,35 - 44,native,office worker,over 6 months of usage,longer than 2 hours,3.3,2.8666666666666667
105,4,5,2,4,4,5,4,5,4,2,5,4,5,4,2,3,4,5,4,4,4,5,5,5,4,2,4,4,5,4,4,2,5,4,4,5,4,2,5,4,5,4,4,4,5,A16RQOYHSTI2RJ,373528,male,18 - 24,native,office worker,over 6 months of usage,longer than 2 hours,4.783333333333333,3.1666666666666665
109,4,5,2,4,4,5,4,4,5,2,3,4,2,4,3,4,2,3,3,2,4,4,3,3,5,2,4,4,5,5,4,2,4,4,4,2,5,1,5,5,5,5,5,3,5,A8B4WA1QFNUAW,373528,female,35 - 44,native,office worker,over 6 months of usage,about 1 - 2 hours,3.4166666666666665,2.816666666666667
112,4,3,2,5,4,5,4,4,4,5,5,5,4,4,3,5,5,4,2,2,2,2,3,2,5,3,4,4,5,4,4,2,3,4,4,5,4,2,4,3,4,4,1,4,5,AR9DDF487ROQ,373528,female,35 - 44,native,office worker,over 6 months of usage,about 1 - 2 hours,5.25,4.133333333333334
115,5,4,1,4,5,5,4,1,4,4,5,1,4,5,4,4,5,5,1,2,1,3,1,1,4,3,4,4,5,2,4,1,4,5,5,5,3,1,5,2,4,2,1,4,4,ASGPEZJBT5XL1,373528,female,35 - 44,native,office worker,over 6 months of usage,longer than 2 hours,8.8,8.166666666666666
126,5,4,2,4,4,4,4,2,4,4,4,3,5,4,4,4,5,4,4,4,4,5,4,4,4,4,5,4,4,4,5,1,4,4,4,4,4,2,4,4,4,5,2,4,5,A3RF0ZVC32Y95Z,373528,female,25 - 34,native,office worker,over 6 months of usage,about 1 - 2 hours,3.983333333333333,3.1666666666666665
134,5,5,2,4,4,5,3,5,5,4,5,5,5,3,2,3,5,5,4,5,5,5,5,5,5,2,4,4,5,2,5,1,3,5,4,5,5,1,5,4,5,5,5,3,4,A2MOU3YD664C0H,373528,male,25 - 34,native,office worker,over 6 months of usage,about 1 - 2 hours,10.25,4.35
154,4,3,4,4,3,4,3,3,4,4,5,4,4,5,3,4,4,4,5,3,4,3,3,4,4,4,5,4,3,4,4,1,4,4,5,3,4,1,4,2,4,3,4,4,5,A1TY4O4XHAYYJ6,373528,male,25 - 34,native,office worker,over 6 months of usage,longer than 2 hours,3.5,2.1
156,4,5,2,4,4,5,4,5,4,4,4,2,4,4,4,2,4,5,5,5,4,4,4,4,5,1,4,4,5,5,4,1,4,4,5,4,4,2,4,4,5,5,1,4,5,AB5WBMZGLX57B,373528,male,45 - 54,native,office worker,over 6 months of usage,longer than 2 hours,4.416666666666667,3.583333333333333
164,4,5,2,4,5,5,4,2,4,5,4,2,4,5,4,3,4,3,3,3,4,3,5,4,4,3,5,4,5,3,4,5,4,5,4,4,5,1,3,4,5,4,2,4,5,AGJC17U0NL98Q,373528,male,55 - 65,native,office worker,over 6 months of usage,longer than 2 hours,4.466666666666667,3.716666666666667
171,5,5,1,5,4,5,5,1,5,4,5,5,5,4,5,5,5,5,5,5,5,5,5,5,5,5,5,5,5,1,5,1,3,5,5,5,5,1,5,5,5,5,1,5,5,A3V7HHS20YFRT4,373528,female,35 - 44,native,office worker,over 6 months of usage,longer than 2 hours,32.53333333333333,31.03333333333333
186,3,4,3,4,3,3,4,4,3,4,4,4,3,3,4,4,3,4,3,4,3,4,4,2,4,4,3,3,4,3,4,2,3,4,4,4,3,4,4,3,4,4,3,4,3,A3PNXQ5459AZI1,373528,male,45 - 54,native,office worker,over 6 months of usage,about 1 - 2 hours,13.166666666666666,11.85
192,4,5,1,5,4,5,5,4,5,5,4,3,4,5,4,2,4,5,1,4,4,4,5,4,5,3,4,5,5,4,5,1,3,4,4,5,5,1,5,1,4,4,1,3,4,A25JG4MNQJC6H,373528,female,18 - 24,native,office worker,over 6 months of usage,longer than 2 hours,3.4,2.35
212,5,5,1,5,5,5,5,1,5,5,5,5,5,4,5,3,5,5,5,5,4,5,4,5,5,4,5,5,5,1,5,1,3,5,5,4,5,1,5,5,5,4,1,5,4,A2INGGZW5GH6RM,373528,female,35 - 44,native,office worker,over 6 months of usage,longer than 2 hours,21.73333333333333,16.766666666666666
221,4,4,1,5,5,5,4,1,5,5,5,5,5,5,1,5,1,4,4,4,4,4,4,4,5,5,5,5,5,1,5,1,1,5,5,5,5,1,4,4,5,5,1,5,5,A2TUYGXQ15U6GO,373528,female,55 - 65,native,office worker,over 6 months of usage,longer than 2 hours,12.433333333333334,2.8666666666666667
224,3,4,3,4,2,3,4,3,4,3,4,2,3,4,2,3,4,3,2,1,1,1,3,3,4,4,3,3,1,1,1,1,1,1,1,1,1,3,4,3,3,4,3,4,3,A2U5OFMW8H30PC,373528,male,35 - 44,native,office worker,over 6 months of usage,longer than 2 hours,10.116666666666667,1.0
225,4,4,2,3,4,2,3,4,2,3,4,2,2,3,1,4,1,4,4,2,2,3,3,3,2,3,4,2,2,4,3,4,3,4,2,3,2,1,1,4,1,1,1,3,3,A1AT1U9SZ2T4NN,373528,female,45 - 54,native,office worker,over 6 months of usage,about 1 - 2 hours,21.05,0.8333333333333334
233,5,5,1,5,4,5,5,1,5,4,5,5,5,5,4,5,5,5,5,5,5,5,5,5,5,5,5,5,5,1,5,1,3,5,5,5,5,1,5,5,5,5,1,5,5,A21ZT1N7WFR1KH,373528,female,35 - 44,native,office worker,over 6 months of usage,longer than 2 hours,33.55,28.666666666666668
248,4,4,2,4,2,4,4,2,4,4,4,4,4,4,4,4,4,4,4,4,4,5,4,4,4,4,4,4,4,4,4,2,2,4,4,4,4,2,4,2,4,4,2,3,5,A32PQDA7UPI3T9,373528,male,55 - 65,native,office worker,over 6 months of usage,about 1 - 2 hours,3.4833333333333334,2.433333333333333
251,5,5,1,5,5,5,5,1,5,4,5,5,5,4,5,4,5,4,5,5,5,5,5,4,5,5,5,5,5,1,5,1,3,5,5,5,5,1,5,5,5,5,1,5,4,A1QT3YA7G8MO63,373528,female,35 - 44,native,office worker,over 6 months of usage,longer than 2 hours,37.333333333333336,4.95
258,4,4,3,2,3,4,2,3,4,2,3,1,3,4,2,3,4,2,3,4,3,4,4,3,3,2,1,1,1,1,3,3,3,1,3,3,1,1,1,1,1,1,2,3,4,A1ILCIHMXPNTMT,373528,male,35 - 44,native,office worker,over 6 months of usage,about 1 - 2 hours,6.45,0.7833333333333333
261,4,4,2,5,4,5,4,2,3,4,4,3,4,3,4,3,5,4,5,5,3,5,3,4,4,5,5,4,5,5,4,4,5,3,4,5,3,1,4,3,4,3,3,4,5,A384KX8MUIJSTJ,373528,female,25 - 34,native,office worker,over 6 months of usage,longer than 2 hours,20.766666666666666,16.6
263,5,5,1,5,5,5,4,5,5,1,5,5,5,5,5,1,3,4,3,4,3,3,3,3,4,1,4,5,5,3,5,5,5,5,5,5,5,1,5,5,5,5,1,4,4,A2DX27FIUVZYB5,373528,female,35 - 44,native,office worker,over 6 months of usage,longer than 2 hours,4.033333333333333,3.1666666666666665
268,4,5,2,4,5,4,3,4,5,4,3,4,5,4,3,4,5,4,3,4,5,4,3,4,5,4,4,5,4,3,4,2,5,4,3,4,5,2,4,5,4,5,3,5,4,A9ORJQWL53QJL,373528,male,25 - 34,native,office worker,over 6 months of usage,about 1 - 2 hours,8.25,7.633333333333334
272,5,5,1,5,5,5,4,1,5,4,5,5,5,4,5,3,5,4,5,5,5,5,5,5,5,5,5,5,5,1,5,1,3,5,5,5,5,1,5,5,5,4,1,5,5,A38I55GISTO61M,373528,female,35 - 44,native,office worker,over 6 months of usage,longer than 2 hours,35.78333333333333,25.98333333333333
294,5,4,2,4,5,4,3,4,5,4,5,4,5,4,5,4,5,4,3,5,4,5,4,3,4,5,4,5,3,2,5,2,4,4,5,3,5,1,4,5,3,4,2,4,3,A3UBPWDS0NXGIU,373528,male,25 - 34,native,office worker,over 6 months of usage,about 1 - 2 hours,9.683333333333334,6.633333333333334
306,4,3,4,5,4,3,4,5,4,5,4,4,5,4,4,2,4,3,4,4,2,4,1,2,5,2,5,2,5,1,4,1,4,2,4,4,5,1,4,2,5,4,1,4,4,A2IQW7R7L2RZAW,373528,female,35 - 44,native,office worker,over 6 months of usage,less than 1 hour,6.15,4.083333333333333
309,4,4,2,4,4,5,4,2,4,4,4,4,5,4,4,5,4,5,4,4,4,4,4,4,5,3,4,4,5,3,5,2,4,5,5,5,4,2,5,4,5,4,4,5,5,AOXDT87CY4THW,373528,female,55 - 65,native,office worker,over 6 months of usage,about 1 - 2 hours,7.916666666666667,4.916666666666667
323,4,3,1,5,4,4,4,1,5,3,4,3,4,3,4,3,4,4,3,3,3,3,3,3,4,4,5,4,5,3,5,2,3,4,5,4,5,2,4,3,5,4,4,5,5,A3TMFRN40NW6FG,373528,female,35 - 44,native,office worker,over 6 months of usage,longer than 2 hours,4.6,3.1333333333333333
335,5,4,2,5,4,5,4,2,5,4,5,4,5,4,4,5,4,4,3,3,3,3,3,3,5,4,5,4,5,4,5,2,5,4,5,4,5,2,5,4,5,5,2,5,5,A1HBV3TPN7TK5B,373528,female,25 - 34,native,office worker,over 6 months of usage,longer than 2 hours,4.083333333333333,2.2666666666666666
337,5,4,2,5,5,4,5,4,5,2,5,3,5,4,5,2,5,4,5,5,5,5,4,5,5,4,5,4,5,2,5,1,5,4,5,5,5,2,5,4,5,5,2,5,5,AS79UKP2Q7NWJ,373528,male,25 - 34,native,office worker,over 6 months of usage,longer than 2 hours,4.483333333333333,1.8166666666666669
338,5,4,1,5,3,5,5,1,5,4,5,3,4,4,4,3,4,5,3,3,3,3,3,3,5,4,5,4,5,3,5,3,4,5,4,4,5,1,5,3,5,4,3,5,4,A25NGES7ROV2T5,373528,male,25 - 34,native,office worker,over 6 months of usage,longer than 2 hours,5.916666666666667,3.5
342,4,5,3,5,4,5,4,3,4,3,4,5,4,5,4,5,4,5,3,4,4,3,4,3,4,5,4,5,4,5,4,3,5,4,5,4,5,3,4,5,4,5,4,5,4,A1BBZX44G3QSBR,373528,male,55 - 65,native,office worker,over 6 months of usage,longer than 2 hours,14.716666666666669,14.166666666666666
346,5,5,3,2,4,5,5,3,3,3,2,4,5,5,4,3,4,5,5,4,3,4,5,5,5,3,3,4,5,5,4,3,3,4,5,2,5,5,3,4,4,5,5,3,4,A8BPY9ZMOPYT9,373528,male,25 - 34,native,office worker,over 6 months of usage,longer than 2 hours,8.25,7.6
349,4,4,2,4,4,5,4,4,4,5,4,4,4,3,4,5,4,4,4,5,2,4,3,1,3,4,3,4,5,2,4,1,2,4,4,2,4,1,4,2,4,3,4,5,4,A20OEK6BVW13NV,373528,male,25 - 34,native,office worker,over 6 months of usage,less than 1 hour,9.683333333333334,7.416666666666667
351,4,5,1,5,4,5,4,1,4,4,5,4,5,4,5,4,5,4,5,3,4,5,3,4,3,4,5,4,5,2,5,1,5,4,5,4,5,1,4,5,4,5,4,3,5,A3MMTARX191R7Y,373528,female,25 - 34,native,office worker,over 6 months of usage,longer than 2 hours,10.116666666666667,7.7
355,4,3,4,5,4,3,4,5,4,5,4,4,5,4,4,2,4,3,4,4,2,4,1,2,5,2,5,2,5,1,4,1,4,2,4,4,5,1,4,2,5,4,1,4,4,A2IQW7R7L2RZAW,373528,female,35 - 44,native,office worker,over 6 months of usage,less than 1 hour,6.15,4.083333333333333
368,5,4,3,4,3,5,4,3,5,4,5,5,4,5,4,5,3,4,5,4,5,4,5,4,5,4,5,4,5,4,4,3,4,5,4,5,4,3,4,5,4,5,3,4,5,A2FF7CMPG4XB7P,373528,male,25 - 34,native,office worker,over 6 months of usage,about 1 - 2 hours,10.816666666666666,10.0
370,4,4,3,4,4,3,4,4,5,4,3,4,4,5,4,5,4,4,5,3,3,3,3,3,5,3,4,5,5,3,4,1,4,5,4,4,5,2,4,3,4,4,2,4,5,A2NZ783AY1LBPW,373528,female,25 - 34,native,office worker,over 6 months of usage,longer than 2 hours,4.7,4.183333333333334
381,4,5,3,5,4,5,4,3,4,3,4,5,4,5,4,5,4,5,3,4,3,4,4,3,4,5,5,4,5,4,5,3,5,4,5,4,5,3,5,5,4,5,4,5,4,A2599EZFAW93DZ,373528,female,35 - 44,native,office worker,over 6 months of usage,longer than 2 hours,15.066666666666666,14.683333333333334
391,5,4,1,4,5,5,4,2,4,4,4,2,4,4,4,2,5,5,5,5,5,5,5,4,4,5,5,4,5,5,5,2,4,4,5,5,4,2,4,4,5,5,2,3,5,AE33JO53WTHZQ,373528,female,35 - 44,native,office worker,over 6 months of usage,less than 1 hour,9.516666666666667,3.65
393,4,5,1,5,5,4,5,1,4,5,5,4,5,5,5,4,5,4,4,5,4,4,5,4,5,5,4,5,5,2,4,2,5,2,4,5,4,2,4,5,4,5,2,5,5,A32HFMZVTLF1JG,373528,male,25 - 34,native,office worker,over 6 months of usage,about 1 - 2 hours,14.616666666666667,14.333333333333334
397,4,5,2,4,2,5,4,1,4,4,4,5,5,4,4,3,4,5,4,5,4,4,5,5,5,4,5,5,5,5,5,1,4,5,5,4,5,1,5,4,5,5,1,3,5,AWJKR5GA7BS7V,373528,female,35 - 44,native,office worker,over 6 months of usage,about 1 - 2 hours,5.933333333333334,4.45
404,4,5,3,4,5,4,5,3,4,5,4,3,5,4,5,3,4,5,4,3,4,5,4,3,4,5,4,3,4,5,4,3,4,5,4,3,5,2,5,3,4,5,2,4,5,AF1FVEZZDZWAR,373528,male,25 - 34,native,office worker,over 6 months of usage,longer than 2 hours,5.833333333333333,4.5
425,3,3,4,4,3,4,5,4,3,3,4,5,5,4,5,4,3,3,4,5,5,2,4,5,5,4,4,5,5,4,3,4,5,4,3,3,3,4,5,5,4,3,4,5,4,AYPI69ZWFV4T4,373528,male,25 - 34,native,office worker,over 6 months of usage,longer than 2 hours,4.116666666666666,3.6166666666666663
442,5,5,1,5,5,4,5,1,5,5,5,1,5,5,4,1,5,5,1,1,1,1,1,1,5,5,4,5,5,1,5,1,5,5,4,5,5,1,5,5,5,4,1,5,5,A2PAWE1NW4MD8L,373528,female,25 - 34,native,office worker,over 6 months of usage,longer than 2 hours,3.333333333333333,0.95
444,5,5,1,5,5,5,5,1,5,5,5,5,5,5,5,1,5,5,5,5,5,5,5,5,5,5,5,5,5,1,5,1,5,5,5,5,5,1,5,5,5,5,1,5,5,A22CWNSGO4UVGO,373528,male,55 - 65,native,office worker,over 6 months of usage,longer than 2 hours,12.2,2.8666666666666667
446,4,2,4,5,5,3,5,4,4,2,5,4,5,3,5,4,5,4,2,1,4,2,1,2,4,5,4,5,5,2,4,2,4,4,5,2,4,2,5,2,4,5,2,4,4,A11W7R2O4RQSSS,373528,female,25 - 34,native,office worker,over 6 months of usage,less than 1 hour,11.183333333333334,10.683333333333334
447,5,5,1,5,4,5,4,2,4,4,4,4,3,4,5,4,5,5,4,4,4,4,4,4,5,5,4,4,4,4,5,1,4,4,5,4,5,1,4,4,4,4,2,4,4,A26M997VYVK0E6,373528,male,35 - 44,native,office worker,over 6 months of usage,longer than 2 hours,5.916666666666667,3.966666666666667
460,4,5,1,5,4,3,5,1,4,5,4,5,4,4,5,3,4,3,4,5,4,4,5,3,4,5,4,5,4,4,3,1,4,5,4,5,5,1,5,4,5,4,1,4,5,A293DZHLL1ZFQQ,373528,male,45 - 54,native,office worker,over 6 months of usage,longer than 2 hours,9.766666666666667,5.15
468,4,3,1,4,4,4,3,4,4,4,4,3,4,4,3,2,4,4,2,2,3,3,4,4,4,4,4,4,5,2,4,1,4,4,4,3,4,1,4,3,4,4,2,4,5,A4H1T35G1RHI3,373528,male,25 - 34,fluent ,office worker,over 6 months of usage,longer than 2 hours,5.533333333333333,4.533333333333333
472,5,4,1,5,4,5,4,1,4,2,5,4,5,4,4,4,5,3,1,2,1,2,4,2,5,4,4,2,5,2,5,1,2,5,5,5,4,1,5,4,5,4,5,3,3,A9LYIVFG3ZU4Z,373528,female,45 - 54,native,office worker,over 6 months of usage,longer than 2 hours,9.0,1.5666666666666669
483,4,5,3,5,4,3,4,2,4,5,3,4,5,4,5,4,5,3,4,2,3,2,3,3,4,5,4,3,5,3,4,2,4,3,3,5,4,2,5,2,4,3,3,4,5,ADNZW2B8WEZ0Z,373528,male,25 - 34,native,office worker,over 6 months of usage,longer than 2 hours,4.633333333333334,3.9
484,5,5,1,4,5,4,5,4,5,4,5,5,5,4,4,1,5,4,3,3,3,3,5,3,5,3,5,4,5,5,4,1,3,5,4,5,4,3,4,5,4,5,1,5,5,ARR9GKAG3JFE5,373528,male,25 - 34,native,office worker,over 6 months of usage,longer than 2 hours,30.8,1.95
490,5,5,1,5,5,4,5,1,5,5,5,1,5,5,4,1,5,5,1,1,1,1,1,1,5,5,4,5,5,1,5,1,5,5,4,5,5,1,5,5,5,4,1,5,5,A2PAWE1NW4MD8L,373528,female,25 - 34,native,office worker,over 6 months of usage,longer than 2 hours,3.333333333333333,0.95
492,4,5,3,4,5,4,5,3,4,5,4,3,5,4,5,3,4,5,4,3,4,5,4,3,4,5,4,3,4,5,4,3,4,5,4,3,5,2,5,3,4,5,2,4,5,AF1FVEZZDZWAR,373528,male,25 - 34,native,office worker,over 6 months of usage,longer than 2 hours,5.833333333333333,4.5
495,4,5,2,4,4,5,4,2,2,4,4,1,4,4,4,3,4,5,4,5,4,5,2,2,4,4,5,4,4,3,4,2,4,3,4,4,4,3,2,4,4,5,4,4,5,AYC75BK8WIZK3,373528,male,45 - 54,native,office worker,over 6 months of usage,about 1 - 2 hours,4.383333333333334,2.033333333333333
498,5,4,2,5,4,5,5,1,3,2,5,4,4,4,3,3,4,4,3,3,4,3,2,4,4,3,3,4,5,2,4,4,3,4,4,5,3,4,4,3,4,5,4,3,4,APYH5KJNJP5IQ,373528,female,25 - 34,native,office worker,over 6 months of usage,longer than 2 hours,15.7,13.483333333333333
507,5,2,5,3,2,5,4,1,5,1,5,5,1,3,5,2,5,4,5,2,2,3,5,5,2,2,1,4,3,5,3,5,2,4,3,5,5,3,5,3,5,5,4,5,5,A1WSUA7K4TI8QT,373528,male,25 - 34,native,office worker,over 6 months of usage,about 1 - 2 hours,3.633333333333333,1.2666666666666666
516,5,5,1,5,4,5,5,1,5,4,5,5,5,5,4,3,5,5,5,5,5,5,5,5,4,1,4,5,5,5,5,1,5,5,5,3,5,1,5,5,5,5,5,5,5,AV7UX8QQXABSK,373528,male,25 - 34,native,office worker,over 6 months of usage,longer than 2 hours,34.833333333333336,33.0
526,5,4,1,5,5,4,4,1,5,5,5,4,4,5,5,2,5,5,5,5,5,5,4,4,5,5,4,4,5,5,5,2,5,5,5,4,4,2,5,5,5,5,1,5,5,A2GZNOA5CIVKUB,373528,female,25 - 34,fluent ,office worker,over 6 months of usage,longer than 2 hours,4.85,2.033333333333333
541,4,5,1,4,4,4,4,4,5,3,4,5,4,4,5,4,5,4,4,5,4,3,4,4,5,4,4,5,5,2,4,2,4,5,5,5,4,2,5,3,4,4,3,2,4,ARQR5NIFA1AJ,373528,male,35 - 44,native,independent,over 6 months of usage,longer than 2 hours,20.05,9.05
544,5,5,2,4,3,5,5,2,4,4,4,4,2,4,2,2,4,4,4,4,4,4,4,4,5,1,5,2,4,5,5,1,5,4,5,1,3,3,4,3,5,5,5,4,4,A3FHIX6HE7YINC,373528,male,55 - 65,native,independent,over 6 months of usage,longer than 2 hours,7.216666666666667,4.883333333333334
547,3,2,4,3,4,2,5,4,5,4,3,5,4,3,5,4,2,4,3,5,3,2,4,3,5,3,2,4,3,3,5,3,4,1,2,2,3,4,4,3,2,3,4,2,5,A2E5PV1BHNG67N,373528,male,18 - 24,native,office worker,over 6 months of usage,longer than 2 hours,11.066666666666666,9.283333333333331
554,5,4,2,3,4,5,4,2,4,4,5,5,3,4,4,2,4,5,4,4,4,2,3,3,4,2,3,4,4,5,5,1,5,5,5,4,4,4,5,5,5,5,1,3,4,AMV1E7FFPVAW4,373528,female,35 - 44,native,other,over 6 months of usage,longer than 2 hours,4.633333333333334,4.233333333333333
555,5,2,5,2,5,5,2,4,5,5,2,5,4,5,2,5,5,4,5,2,2,3,5,4,3,2,2,5,3,5,1,2,5,4,4,3,5,2,5,5,4,2,4,3,5,A207NB4FM5LRMM,373528,male,25 - 34,native,office worker,over 6 months of usage,longer than 2 hours,3.6166666666666663,3.15
557,4,3,2,3,4,3,4,2,3,4,3,4,5,4,3,4,3,5,4,3,2,3,2,3,5,4,3,4,5,3,4,2,3,4,5,3,4,2,3,4,3,5,4,3,4,A1VAZ4O0J5QD7S,373528,female,25 - 34,native,office worker,over 6 months of usage,longer than 2 hours,6.15,1.6833333333333331
559,4,4,2,3,3,3,3,3,3,4,3,3,4,4,5,4,3,4,3,3,2,4,3,5,4,4,5,3,4,5,3,4,3,4,4,4,3,5,4,3,4,4,5,5,3,A12TWJFR4B22X4,373528,male,25 - 34,native,office worker,over 6 months of usage,longer than 2 hours,3.3666666666666667,2.65
567,5,4,2,4,3,5,5,2,2,4,2,4,2,5,4,2,1,4,5,5,5,4,5,5,3,2,3,4,3,5,4,1,5,4,4,1,4,4,4,3,4,4,5,2,4,A2GE831IS8US6K,373528,female,25 - 34,native,office worker,over 6 months of usage,longer than 2 hours,4.733333333333333,3.9166666666666665
579,4,3,4,5,4,5,4,3,4,5,4,3,4,4,5,4,3,4,4,3,4,4,5,4,3,4,5,4,5,4,3,4,5,4,3,4,4,3,4,4,3,4,5,4,5,A33THB8UC7I4NH,373528,female,25 - 34,native,office worker,over 6 months of usage,about 1 - 2 hours,3.633333333333333,2.25
582,4,5,2,4,3,4,1,2,3,4,4,5,4,4,5,3,3,4,4,4,2,3,3,4,5,3,4,5,4,5,3,2,3,4,4,5,4,2,3,4,4,4,5,4,4,A2I4A21ZDS0GI7,373528,male,45 - 54,native,office worker,over 6 months of usage,about 1 - 2 hours,3.65,3.083333333333333
583,4,3,2,5,4,3,5,5,4,3,5,4,3,5,4,5,4,5,3,2,3,2,4,4,3,5,4,5,4,2,3,3,5,4,3,5,4,2,5,3,5,4,5,3,4,AHKAW23MOXRQP,373528,male,25 - 34,native,office worker,over 6 months of usage,longer than 2 hours,5.7,4.583333333333333
596,4,3,1,4,5,4,2,5,4,5,2,4,3,5,3,4,5,4,1,2,5,5,1,2,4,3,4,1,4,1,5,4,4,2,5,4,5,1,4,2,4,4,1,4,5,A27T2Z568L69U1,373528,female,25 - 34,native,office worker,over 6 months of usage,longer than 2 hours,11.633333333333333,4.266666666666667
609,4,3,1,4,4,5,4,2,4,4,4,3,4,4,4,3,4,4,4,4,4,4,3,4,4,4,4,4,5,3,4,1,4,4,4,4,4,1,4,3,4,4,2,3,4,A33GZS6SU4O20M,373528,female,45 - 54,native,office worker,over 6 months of usage,longer than 2 hours,17.2,16.75
622,4,3,4,3,4,5,4,4,3,4,3,4,5,4,3,4,4,3,4,3,4,4,5,4,4,3,4,4,3,4,4,3,4,4,3,4,5,4,4,3,4,4,3,4,4,A3BJLV5W7U8TW2,373528,male,35 - 44,native,office worker,over 6 months of usage,longer than 2 hours,3.3833333333333333,1.55
623,4,3,3,4,4,4,3,1,4,4,4,4,4,3,4,3,4,5,4,4,4,3,4,4,5,4,4,4,5,2,5,1,4,4,5,4,5,1,5,4,4,4,3,4,5,A4H1T35G1RHI3,373528,male,25 - 34,native,office worker,over 6 months of usage,about 1 - 2 hours,21.65,1.7333333333333334
628,4,2,5,2,1,4,4,5,4,5,1,4,2,4,3,4,4,5,4,4,3,4,3,2,4,1,4,4,4,2,2,5,2,4,4,1,3,2,1,2,4,4,2,3,1,A1H5Q9HRH4RPZU,373528,male,35 - 44,native,office worker,over 6 months of usage,less than 1 hour,4.9,3.283333333333333
67,4,5,4,4,4,5,4,2,5,2,3,4,2,4,4,3,4,4,4,5,4,4,4,4,2,2,4,4,5,4,5,2,4,5,4,4,4,2,4,4,4,4,2,3,4,A1XBWSV6TWJUU8,373528,female,35 - 44,native,independent,over 6 months of usage,less than 1 hour,5.216666666666667,4.15
150,3,5,4,5,2,4,2,5,4,5,4,3,5,4,5,3,5,3,5,4,3,5,3,5,4,3,4,5,3,4,5,3,5,4,2,4,4,2,5,4,2,3,5,4,2,A239ZR7BRE8SDK,373528,male,45 - 54,native,office worker,over 6 months of usage,about 1 - 2 hours,11.65,8.05
211,5,5,4,4,4,4,4,1,5,3,4,4,5,4,4,2,5,5,2,4,4,4,4,4,5,4,5,4,4,3,4,1,5,4,4,4,4,1,5,5,5,5,1,5,5,AE03IR4Y5U3H3,373528,male,25 - 34,native,independent,over 6 months of usage,about 1 - 2 hours,9.033333333333331,6.483333333333333
238,4,4,4,5,4,5,5,1,5,3,5,5,5,5,3,5,5,5,5,5,5,5,5,5,5,4,4,5,5,4,5,1,5,5,5,5,5,1,1,5,5,5,1,5,5,A2HP2YBJF23XCY,373528,female,25 - 34,native,office worker,over 6 months of usage,longer than 2 hours,6.016666666666667,2.1166666666666667
264,4,5,4,5,4,5,3,5,4,5,4,5,4,4,5,4,4,5,4,4,3,4,5,4,3,4,3,4,5,2,4,2,4,5,4,4,5,1,5,4,5,3,4,5,3,A3MMALLPWNG0CE,373528,male,35 - 44,native,office worker,over 6 months of usage,about 1 - 2 hours,14.95,14.1
332,5,5,4,5,4,5,4,2,4,5,4,4,5,1,4,3,4,2,2,2,2,1,2,2,3,2,4,4,5,2,3,1,2,4,2,4,4,2,5,4,5,4,1,4,4,A3L77BXX8H0CW,373528,female,25 - 34,fluent ,independent,over 6 months of usage,longer than 2 hours,4.05,3.033333333333333
354,5,4,4,4,4,5,5,2,4,4,1,2,4,5,5,4,2,3,2,4,3,2,4,5,3,2,5,5,5,5,5,1,4,2,4,5,2,4,4,4,3,3,5,2,2,A3IQZGY36P090H,373528,female,35 - 44,native,office worker,over 6 months of usage,less than 1 hour,7.366666666666666,6.216666666666667
357,5,4,5,3,5,4,3,4,5,4,5,4,5,4,5,4,5,3,4,5,4,5,4,3,4,3,4,4,5,3,5,1,3,4,5,4,5,1,4,4,5,4,2,4,5,A1J9N4GV8AD6FH,373528,male,25 - 34,native,office worker,over 6 months of usage,longer than 2 hours,3.6,2.6333333333333333
413,3,4,4,3,4,2,3,2,2,3,3,3,3,2,3,2,4,3,3,3,2,3,3,4,3,4,3,2,3,2,2,2,3,4,3,4,2,3,4,3,2,3,3,4,3,A2LI71A9ZRA199,373528,male,35 - 44,native,office worker,over 6 months of usage,about 1 - 2 hours,3.066666666666667,1.55
429,4,5,4,4,3,4,3,2,4,4,3,3,4,3,3,2,4,4,3,3,4,3,4,3,5,2,4,4,4,3,4,2,4,3,4,3,4,2,4,3,4,3,2,3,5,AFYIL9DFX6BFO,373528,female,35 - 44,fluent ,office worker,over 6 months of usage,about 1 - 2 hours,5.033333333333333,3.8333333333333335
435,5,5,5,5,5,5,5,1,1,1,5,5,5,5,5,1,3,5,1,5,5,5,5,5,5,3,5,5,5,5,5,1,5,5,5,5,5,1,5,5,5,5,1,2,5,A2RINH8P33GL6H,373528,male,25 - 34,native,office worker,over 6 months of usage,longer than 2 hours,11.7,5.616666666666666
441,5,2,2,5,4,4,4,1,4,4,4,5,4,4,3,5,4,5,5,4,1,2,2,2,3,4,5,4,4,4,4,2,2,4,5,5,5,1,5,4,5,5,3,5,5,A2Y5NCND54RL3C,373528,female,35 - 44,native,office worker,over 6 months of usage,longer than 2 hours,3.466666666666667,2.3666666666666667
481,4,5,4,5,4,5,4,2,4,5,5,4,5,3,4,2,4,5,1,2,2,3,1,1,4,1,4,5,5,1,5,1,4,5,4,4,5,1,4,5,4,4,1,5,5,A2DSTHSND3PKN4,373528,male,55 - 65,native,office worker,over 6 months of usage,about 1 - 2 hours,3.4,2.7666666666666666
543,5,4,5,3,4,4,2,5,4,3,4,5,3,3,2,1,3,4,3,2,5,4,3,4,5,3,2,4,4,2,1,3,5,4,5,3,5,4,3,4,4,2,5,4,5,A166U1L1KVMPCL,373528,male,25 - 34,native,office worker,over 6 months of usage,longer than 2 hours,22.03333333333333,1.0166666666666666
561,4,5,4,5,3,4,2,5,4,5,3,4,4,5,3,4,5,4,5,4,4,5,3,4,3,5,4,5,4,5,3,4,3,5,2,4,3,5,4,5,3,4,2,5,4,A16QH3MFZ9CC4M,373528,male,25 - 34,native,office worker,over 6 months of usage,about 1 - 2 hours,6.833333333333333,2.05
571,3,4,4,3,3,4,3,4,4,4,3,4,3,5,4,3,5,5,4,5,3,3,5,4,2,3,4,3,4,3,4,3,5,5,5,3,4,3,4,3,4,3,3,2,3,A1439J8JQICLBM,373528,female,45 - 54,native,office worker,over 6 months of usage,about 1 - 2 hours,5.733333333333333,2.7
580,5,2,2,5,4,5,4,1,4,2,4,4,4,4,5,3,4,4,5,5,4,5,4,4,4,5,4,4,5,2,4,1,5,4,4,5,4,2,5,5,5,4,2,4,5,A3MD7H6KD64OBW,373528,male,25 - 34,native,office worker,over 6 months of usage,longer than 2 hours,5.883333333333334,5.066666666666666
603,5,4,5,3,5,4,3,5,3,4,2,5,4,5,4,3,4,5,4,2,3,1,4,5,3,4,4,5,3,5,1,3,2,5,4,3,4,2,3,4,5,4,5,4,4,AF1FVEZZDZWAR,373528,male,25 - 34,native,office worker,over 6 months of usage,longer than 2 hours,10.616666666666667,0.9666666666666668
358,4,2,1,5,5,4,2,1,4,2,5,3,5,4,2,3,2,5,3,2,3,5,4,2,4,3,5,3,5,3,4,2,5,3,4,5,4,1,3,4,5,3,4,3,5,A389RPZ5TJZQ7D,373528,male,25 - 34,fluent ,office worker,over 6 months of usage,about 1 - 2 hours,11.416666666666666,3.3
534,5,5,5,5,5,5,5,5,5,2,5,3,5,4,5,1,2,5,3,3,3,3,3,3,5,1,4,5,5,3,5,1,4,5,5,5,5,1,5,4,5,5,1,5,5,A3NAONPCTVT6P1,373528,female,18 - 24,native,student,over 6 months of usage,about 1 - 2 hours,3.75,2.3666666666666667
566,5,2,1,2,2,5,4,4,3,5,2,4,2,2,3,5,1,1,3,3,2,5,4,2,4,1,4,4,3,5,5,1,5,5,5,3,5,1,5,5,5,5,1,4,4,A7VA2Y4H6U31O,373528,male,35 - 44,native,independent,over 6 months of usage,longer than 2 hours,3.85,3.1166666666666667
